2023-12-17 20:13:54.045000,com.example.nextapp
2023-12-17 20:15:01.933000,com.sec.android.app.sbrowser
2023-12-17 20:15:17.964000,com.sec.android.app.camera
2023-12-17 20:15:40.234000,com.sec.android.app.launcher
2023-12-23 20:02:03.207000,com.example.nextapp
2023-12-23 20:02:28.784000,com.android.settings
2023-12-23 20:03:44.881000,com.android.settings.intelligence
2023-12-23 20:04:04.914000,com.android.settings
2023-12-23 20:04:26.756000,com.android.settings.intelligence
2023-12-23 20:04:41.287000,com.android.settings
2023-12-23 20:04:57.904000,com.samsung.android.lool
2023-12-23 20:05:25.233000,com.samsung.android.app.galaxyfinder
2023-12-23 20:05:36.818000,com.android.settings
2023-12-23 20:05:57.283000,com.samsung.android.lool
2023-12-23 20:06:19.654000,com.android.settings.intelligence
2023-12-23 20:07:03.708000,com.samsung.android.lool
2023-12-23 20:07:58.270000,com.android.settings.intelligence
2023-12-23 20:08:36.339000,com.sec.android.app.launcher
2023-12-23 20:08:37.613000,com.sec.android.app.camera
2023-12-23 20:09:18.082000,com.sec.android.app.launcher
2023-12-23 20:12:42.482000,com.samsung.android.messaging
2023-12-23 20:13:22.521000,com.sec.android.app.launcher
2023-12-23 20:13:49.895000,com.sec.android.gallery3d
2023-12-23 20:13:59.047000,com.google.android.youtube
2023-12-23 23:25:47.839000,com.duolingo
2023-12-23 23:30:03.354000,com.sec.android.app.clockpackage
2023-12-23 23:31:10.129000,com.samsung.android.messaging
2023-12-23 23:31:28.940000,com.sec.android.app.launcher
1970-01-01 01:00:00.000000,com.android.bluetooth
1970-01-01 01:00:00.000000,com.samsung.sec.android.application.csc
2023-12-24 05:46:00.663000,com.sec.android.app.clockpackage
2023-12-24 05:46:19.709000,com.samsung.android.messaging
2023-12-24 05:46:30.201000,com.sec.android.app.launcher
2023-12-24 06:21:57.944000,com.samsung.android.messaging
2023-12-24 06:22:07.000000,com.sec.android.app.launcher
2023-12-24 09:02:37.346000,com.sec.android.app.camera
2023-12-24 09:02:52.637000,com.sec.android.app.launcher
2023-12-24 09:22:44.296000,com.sec.android.app.camera
2023-12-24 09:22:58.182000,com.sec.android.app.launcher
2023-12-24 09:34:34.737000,com.sec.android.app.camera
2023-12-24 09:34:42.371000,com.sec.android.app.launcher
2023-12-24 09:39:22.988000,com.sec.android.app.camera
2023-12-24 09:39:42.106000,com.sec.android.app.launcher
2023-12-24 09:59:26.980000,com.sec.android.app.camera
2023-12-24 09:59:41.690000,com.sec.android.app.launcher
2023-12-24 10:18:59.838000,com.sec.android.app.camera
2023-12-24 10:19:07.130000,com.sec.android.app.launcher
2023-12-24 10:23:40.579000,com.sec.android.app.camera
2023-12-24 10:23:47.867000,com.sec.android.app.launcher
2023-12-24 11:11:48.460000,com.sec.android.app.camera
2023-12-24 11:12:00.512000,com.sec.android.app.launcher
2023-12-24 11:14:18.743000,com.sec.android.app.camera
2023-12-24 11:14:27.936000,com.sec.android.app.launcher
2023-12-24 11:43:50.503000,com.sec.android.app.camera
2023-12-24 11:45:04.952000,com.sec.android.app.launcher
2023-12-24 11:45:10.387000,com.sec.android.gallery3d
2023-12-24 11:45:30.035000,com.sec.android.app.camera
2023-12-24 11:45:38.211000,com.sec.android.gallery3d
2023-12-24 13:30:58.513000,com.android.settings
2023-12-24 13:31:13.709000,com.spotify.music
2023-12-24 14:37:38.465000,com.samsung.android.messaging
2023-12-24 14:37:45.383000,com.sec.android.gallery3d
2023-12-24 14:39:33.045000,com.samsung.android.messaging
2023-12-24 14:44:44.144000,com.sec.android.app.camera
2023-12-24 14:45:22.390000,com.sec.android.gallery3d
2023-12-24 15:01:51.936000,com.samsung.android.messaging
2023-12-24 15:02:04.670000,com.pinterest
2023-12-24 15:24:28.164000,com.google.android.youtube
2023-12-24 18:38:17.189000,com.samsung.android.messaging
2023-12-24 18:51:19.196000,com.google.android.youtube
2023-12-24 19:16:19.981000,com.sec.android.app.launcher
2023-12-24 21:44:42.039000,com.pinterest
2023-12-24 21:49:43.836000,com.samsung.android.messaging
2023-12-24 21:51:20.298000,com.pinterest
2023-12-24 21:54:24.752000,com.google.android.youtube
2023-12-24 21:54:24.752000,com.google.android.youtube
2023-12-24 23:00:08.013000,com.sec.android.app.launcher
2023-12-24 23:00:18.978000,com.google.android.youtube
2023-12-24 23:44:17.653000,com.duolingo
2023-12-24 23:46:13.064000,com.google.android.youtube
2023-12-25 00:22:10.579000,com.samsung.android.messaging
2023-12-25 00:23:57.547000,com.sec.android.app.sbrowser
2023-12-25 00:23:57.547000,com.sec.android.app.sbrowser
2023-12-25 00:24:06.942000,com.samsung.android.messaging
2023-12-25 00:25:19.737000,com.sec.android.app.launcher
2023-12-25 00:25:34.228000,com.android.settings
2023-12-24 00:25:43.932000,de.dm.meindm.android
2023-12-23 00:26:05.565000,com.sec.android.app.launcher
2023-12-23 00:26:10.277000,de.dm.meindm.android
2023-12-23 00:26:26.021000,com.sec.android.app.sbrowser
2023-12-23 00:29:18.131000,com.google.android.gm
2023-12-23 00:29:29.043000,com.sec.android.app.sbrowser
2023-12-23 00:31:07.770000,com.android.settings
2023-12-24 00:31:23.194000,com.sec.android.app.sbrowser
2023-12-25 00:45:41.968000,com.android.settings
2023-12-26 12:54:14.266000,com.example.nextapp
2023-12-26 12:54:36.672000,com.duolingo
2023-12-26 12:55:36.830000,com.sec.android.app.sbrowser
2023-12-26 12:56:09.472000,com.sec.android.app.launcher
2023-12-26 12:56:23.903000,com.android.settings.intelligence
2023-12-26 12:56:46.428000,com.android.settings
2023-12-26 12:57:16.172000,com.android.settings.intelligence
2023-12-26 12:57:31.031000,com.android.settings
2023-12-26 12:58:27.419000,com.sec.android.app.launcher
2023-12-26 12:59:15.937000,com.samsung.android.calendar
2023-12-26 13:00:58.748000,com.sec.android.app.launcher
2023-12-26 13:01:18.877000,com.google.android.youtube
2023-12-26 14:02:49.203000,com.sec.android.app.sbrowser
2023-12-26 14:31:44.342000,com.sec.android.app.launcher
2023-12-26 14:31:47.800000,com.pinterest
2023-12-26 14:41:29.842000,com.google.android.gms
2023-12-26 14:41:32.227000,com.pinterest
2023-12-26 16:23:54.128000,com.samsung.android.messaging
2023-12-26 16:24:06.841000,com.whatsapp
2023-12-26 16:24:54.173000,com.samsung.android.messaging
2023-12-26 16:27:34.218000,com.pinterest
2023-12-26 16:27:58.944000,com.sec.android.app.launcher
2023-12-26 16:28:09.943000,com.google.android.youtube
2023-12-26 18:14:46.100000,com.sec.android.app.sbrowser
2023-12-26 18:14:48.181000,com.google.android.youtube
2023-12-26 19:13:41.200000,com.samsung.android.messaging
2023-12-26 19:17:03.002000,com.google.android.youtube
2023-12-26 19:24:07.508000,com.pinterest
2023-12-27 00:07:53.141000,com.sec.android.app.launcher
2023-12-27 00:07:57.545000,com.google.android.youtube
2023-12-27 00:21:42.586000,com.sec.android.app.launcher
2023-12-27 00:21:50.011000,com.sec.android.app.camera
2023-12-27 00:22:53.611000,com.samsung.android.messaging
2023-12-27 00:29:07.832000,com.sec.android.app.launcher
2023-12-27 00:29:22.911000,com.sec.android.app.clockpackage
1970-01-01 01:00:00.000000,com.android.systemui
1970-01-01 01:00:00.000000,com.samsung.sec.android.application.csc
1970-01-01 01:00:00.000000,com.samsung.sec.android.application.csc
2023-12-27 09:56:02.509000,com.sec.android.app.clockpackage
2023-12-27 10:00:53.617000,com.samsung.android.incallui
2023-12-27 10:01:44.906000,com.sec.android.app.clockpackage
2023-12-27 10:05:40.303000,com.samsung.android.messaging
2023-12-27 10:05:54.359000,com.sec.android.app.clockpackage
2023-12-27 10:06:11.232000,com.google.android.gm
2023-12-27 10:06:31.131000,com.samsung.android.messaging
2023-12-27 10:08:09.764000,org.iggymedia.periodtracker
2023-12-27 10:11:17.015000,com.samsung.android.messaging
2023-12-27 10:17:56.195000,com.whatsapp
2023-12-27 10:18:04.376000,com.pinterest
2023-12-27 10:18:40.906000,com.samsung.android.messaging
2023-12-27 10:23:00.261000,com.pinterest
2023-12-27 10:42:19.732000,com.samsung.android.messaging
2023-12-27 10:46:20.931000,com.sec.android.app.launcher
2023-12-27 10:46:53.239000,com.sec.android.app.sbrowser
2023-12-27 10:48:17.414000,com.sec.android.app.launcher
2023-12-27 11:31:36.004000,com.samsung.android.incallui
2023-12-27 11:31:51.097000,com.sec.android.app.launcher
2023-12-27 11:36:40.154000,com.samsung.android.incallui
2023-12-27 11:37:08.057000,com.sec.android.app.launcher
2023-12-27 11:37:14.599000,com.pinterest
2023-12-27 11:42:01.484000,com.samsung.android.incallui
2023-12-27 11:45:12.424000,com.pinterest
2023-12-27 11:48:46.329000,com.samsung.android.incallui
2023-12-27 12:07:33.657000,com.pinterest
2023-12-27 17:31:43.947000,com.whatsapp
2023-12-27 17:31:57.255000,com.pinterest
2023-12-27 17:53:29.969000,com.samsung.android.messaging
2023-12-27 17:53:46.341000,com.pinterest
2023-12-27 22:34:23.075000,com.duolingo
2023-12-27 22:36:06.209000,com.pinterest
2023-12-27 22:36:43.706000,com.samsung.android.messaging
2023-12-27 22:40:14.868000,com.pinterest
2023-12-27 22:48:55.367000,com.sec.android.app.launcher
2023-12-27 22:49:19.665000,com.sec.android.app.clockpackage
1970-01-01 01:00:00.000000,com.samsung.sec.android.application.csc
2023-12-28 09:56:02.493000,com.sec.android.app.clockpackage
2023-12-28 12:36:40.334000,com.samsung.android.messaging
2023-12-28 12:36:43.494000,com.sec.android.app.clockpackage
2023-12-28 13:02:36.336000,com.microsoft.office.outlook
2023-12-28 13:02:58.486000,com.sec.android.app.sbrowser
2023-12-28 13:03:19.214000,com.samsung.android.app.notes
2023-12-28 13:03:22.260000,com.samsung.android.app.notes
2023-12-28 13:04:48.421000,com.samsung.android.messaging
2023-12-28 13:05:42.243000,com.sec.android.app.launcher
2023-12-28 13:05:54.421000,com.samsung.android.messaging
2023-12-28 13:09:03.613000,com.sec.android.app.launcher
2023-12-28 13:09:08.546000,com.samsung.android.messaging
2023-12-28 13:09:56.639000,com.samsung.android.app.notes
2023-12-28 13:10:33.639000,com.sec.android.app.launcher
2023-12-28 13:10:40.249000,com.google.android.youtube
2023-12-28 13:11:40.062000,com.samsung.android.messaging
2023-12-28 16:09:21.162000,com.sec.android.app.launcher
2023-12-28 16:10:06.457000,com.android.settings.intelligence
2023-12-28 16:10:24.856000,com.android.settings
2023-12-28 16:10:44.112000,com.sec.android.app.launcher
2023-12-28 16:14:10.389000,com.samsung.android.messaging
2023-12-28 16:52:46.342000,com.sec.android.app.launcher
2023-12-28 16:58:55.128000,com.whatsapp
2023-12-28 16:59:03.131000,com.pinterest
2023-12-28 17:12:56.743000,com.sec.android.app.launcher
2023-12-28 17:13:03.249000,com.samsung.android.messaging
2023-12-28 17:13:54.703000,com.sec.android.app.launcher
2023-12-28 18:14:11.819000,com.sec.android.app.sbrowser
2023-12-28 19:54:56.642000,com.samsung.android.messaging
2023-12-28 19:55:03.892000,com.sec.android.app.sbrowser
2023-12-28 19:59:56.641000,com.samsung.android.messaging
2023-12-28 21:40:34.691000,com.duolingo
2023-12-28 21:43:12.357000,com.samsung.android.messaging
2023-12-28 21:44:54.789000,com.sec.android.app.launcher
2023-12-28 21:47:28.444000,com.pinterest
2023-12-28 21:55:26.236000,com.pinterest
2023-12-28 21:56:13.288000,com.sec.android.app.launcher
2023-12-28 21:56:47.095000,com.fingersoft.hillclimb
2023-12-28 22:07:12.799000,com.sec.android.app.launcher
2023-12-28 22:07:14.983000,com.sec.android.gallery3d
2023-12-28 22:14:39.294000,com.pinterest
2023-12-28 22:26:33.699000,com.google.android.youtube
2023-12-28 22:48:52.349000,com.samsung.android.messaging
2023-12-28 22:50:16.697000,com.sec.android.app.clockpackage
1970-01-01 01:00:00.000000,com.android.providers.userdictionary
1970-01-01 01:00:00.000000,com.samsung.sec.android.application.csc
2023-12-29 09:56:02.436000,com.sec.android.app.clockpackage
2023-12-29 09:56:36.481000,com.samsung.android.messaging
2023-12-29 09:58:16.213000,com.sec.android.app.launcher
2023-12-29 09:58:26.582000,com.google.android.youtube
2023-12-29 11:15:21.917000,com.samsung.android.messaging
2023-12-29 11:17:16.256000,com.google.android.youtube
2023-12-29 11:46:35.669000,com.samsung.android.messaging
2023-12-29 11:47:31.155000,com.google.android.youtube
2023-12-29 12:01:26.726000,com.sec.android.app.launcher
2023-12-29 12:01:35.891000,com.pinterest
2023-12-29 12:05:24.221000,com.sec.android.app.launcher
2023-12-29 12:35:07.202000,com.whatsapp
2023-12-29 12:35:26.291000,com.sec.android.app.launcher
2023-12-29 12:51:26.991000,com.pinterest
2023-12-29 12:59:51.360000,com.sec.android.app.launcher
2023-12-29 13:18:36.236000,com.samsung.android.messaging
2023-12-29 13:37:43.484000,com.sec.android.app.launcher
2023-12-29 14:00:09.824000,com.samsung.android.messaging
2023-12-29 15:13:35.233000,com.sec.android.app.launcher
2023-12-29 15:13:44.359000,com.google.android.youtube
2023-12-29 15:58:42.133000,com.samsung.android.messaging
2023-12-29 15:58:51.321000,com.spotify.music
2023-12-29 16:14:02.674000,com.google.android.youtube
2023-12-29 16:50:37.041000,com.spotify.music
2023-12-29 16:53:24.896000,com.google.android.youtube
2023-12-29 17:24:29.627000,com.sec.android.app.launcher
2023-12-29 17:24:36.990000,de.dm.meindm.android
2023-12-29 17:53:51.299000,com.samsung.android.messaging
2023-12-29 17:59:07.293000,com.google.android.youtube
2023-12-29 17:59:07.293000,com.google.android.youtube
2023-12-29 18:04:54.060000,com.spotify.music
2023-12-29 18:04:57.726000,com.google.android.youtube
2023-12-29 18:20:56.433000,com.spotify.music
2023-12-29 18:21:12.257000,com.samsung.android.messaging
2023-12-29 18:22:14.872000,com.samsung.android.incallui
2023-12-29 18:24:37.919000,com.samsung.android.messaging
2023-12-29 19:23:03.506000,com.sec.android.app.launcher
2023-12-29 19:23:16.289000,com.google.android.youtube
2023-12-29 23:31:16.832000,com.sec.android.app.launcher
2023-12-29 23:31:24.979000,com.duolingo
2023-12-29 23:34:29.059000,com.sec.android.app.launcher
2023-12-29 23:34:55.954000,com.sec.android.app.clockpackage
1970-01-01 01:00:00.000000,com.google.android.gsf
1970-01-01 01:00:00.000000,com.sec.android.sdhms
1970-01-01 01:00:00.000000,com.samsung.sec.android.application.csc
2023-12-30 06:48:25.352000,com.sec.android.app.clockpackage
2023-12-30 07:27:18.395000,com.duolingo
2023-12-30 07:29:03.967000,com.spotify.music
2023-12-30 07:44:28.482000,com.sec.android.app.launcher
2023-12-30 07:44:43.229000,com.google.android.youtube
2023-12-30 07:55:40.588000,com.google.android.apps.maps
2023-12-30 07:55:40.588000,com.google.android.apps.maps
2023-12-30 08:15:53.463000,com.spotify.music
2023-12-30 08:16:46.151000,com.google.android.apps.maps
2023-12-30 08:59:36.561000,com.sec.android.app.sbrowser
2023-12-30 09:30:27.614000,com.samsung.android.app.notes
2023-12-30 09:30:43.255000,com.samsung.android.app.notes
2023-12-30 09:30:56.690000,com.sec.android.app.myfiles
2023-12-30 09:31:12.885000,com.sec.android.app.sbrowser
2023-12-30 09:34:17.967000,com.sec.android.app.launcher
2023-12-30 09:34:24.598000,com.samsung.android.app.notes
2023-12-30 09:34:24.598000,com.samsung.android.app.notes
2023-12-30 11:30:34.360000,com.whatsapp
2023-12-30 11:30:46.456000,com.samsung.android.app.notes
2023-12-30 11:36:58.794000,com.sec.android.app.launcher
2023-12-30 11:37:18.348000,com.duolingo
2023-12-30 11:40:12.902000,com.duolingo
2023-12-30 14:47:47.076000,com.sec.android.app.launcher
2023-12-30 14:47:56.643000,com.sec.android.app.camera
2023-12-30 14:48:39.938000,com.sec.android.gallery3d
2023-12-30 14:48:49.832000,com.sec.android.app.camera
2023-12-30 15:45:33.168000,com.sec.android.app.launcher
2023-12-30 16:09:45.456000,com.google.android.youtube
2023-12-30 16:33:47.506000,com.sec.android.app.camera
2023-12-30 16:34:07.191000,com.google.android.youtube
2023-12-30 16:41:04.277000,com.samsung.android.messaging
2023-12-30 16:41:48.517000,com.google.android.youtube
2023-12-30 17:11:45.244000,com.sec.android.app.launcher
2023-12-30 17:12:00.387000,com.google.android.apps.maps
2023-12-30 17:12:00.387000,com.google.android.apps.maps
2023-12-30 17:13:39.825000,com.google.android.youtube
2023-12-30 17:51:13.156000,com.google.android.youtube
2023-12-30 18:42:23.814000,com.google.android.apps.maps
2023-12-30 18:43:25.509000,com.sec.android.app.launcher
2023-12-30 18:43:33.306000,com.google.android.youtube
2023-12-30 19:03:28.793000,com.samsung.android.incallui
2023-12-30 19:08:20.139000,com.google.android.apps.maps
2023-12-30 19:08:54.958000,com.sec.android.app.launcher
2023-12-30 19:08:56.053000,com.google.android.youtube
2023-12-30 19:38:24.767000,com.sec.android.gallery3d
2023-12-30 19:38:47.148000,com.pinterest
2023-12-30 19:40:29.897000,com.google.android.youtube
2023-12-30 22:57:51.541000,com.google.android.youtube
1970-01-01 01:00:00.000000,com.samsung.sec.android.application.csc
1970-01-01 01:00:00.000000,com.samsung.sec.android.application.csc
1970-01-01 01:00:00.000000,com.samsung.sec.android.application.csc
2023-12-31 10:38:25.125000,com.sec.android.app.launcher
2023-12-31 10:57:27.501000,com.samsung.android.messaging
2023-12-31 10:58:34.120000,com.pinterest
2023-12-31 10:58:34.120000,com.pinterest
2023-12-31 11:51:05.669000,com.google.android.youtube
2023-12-31 12:21:05.465000,com.google.android.youtube
2023-12-31 13:41:06.076000,com.google.android.youtube
2023-12-31 14:18:57.937000,com.google.android.youtube
2023-12-31 15:24:26.715000,com.samsung.android.messaging
2023-12-31 15:25:31.882000,com.google.android.youtube
2023-12-31 16:01:40.472000,com.google.android.youtube
2023-12-31 16:21:40.580000,com.google.android.youtube
2023-12-31 17:32:35.150000,com.samsung.android.messaging
2023-12-31 17:33:25.940000,com.google.android.youtube
2023-12-31 17:50:21.084000,com.samsung.android.messaging
2023-12-31 17:52:55.761000,com.samsung.android.messaging
2023-12-31 19:08:18.851000,com.discord
2023-12-31 19:09:31.555000,com.samsung.android.messaging
2023-12-31 19:10:10.526000,com.pinterest
2023-12-31 19:10:10.526000,com.pinterest
2023-12-31 20:41:31.688000,com.samsung.android.messaging
2023-12-31 20:53:42.496000,com.google.android.apps.maps
2023-12-31 20:54:14.372000,com.google.android.apps.maps
2023-12-31 21:10:42.047000,com.sec.android.app.launcher
2023-12-31 21:10:54.349000,com.samsung.android.incallui
2023-12-31 21:11:35.420000,com.samsung.android.dialer
2023-12-31 21:13:00.827000,com.pinterest
2023-12-31 22:08:12.355000,com.samsung.android.dialer
2023-12-31 22:48:26.415000,com.samsung.android.incallui
2023-12-31 23:37:32.564000,com.samsung.android.dialer
2023-12-31 23:37:47.169000,com.duolingo
2023-12-31 23:40:18.705000,com.duolingo
2023-12-31 23:42:32.307000,com.sec.android.app.launcher
2024-01-01 00:06:38.536000,com.samsung.android.messaging
2024-01-01 00:28:31.272000,com.samsung.android.incallui
2024-01-01 00:29:16.845000,com.samsung.android.messaging
1970-01-01 01:00:00.000000,com.samsung.sec.android.application.csc
2024-01-01 00:45:26.366000,com.samsung.android.messaging
2024-01-01 01:01:43.404000,com.android.settings
2024-01-01 02:40:57.097000,com.samsung.android.messaging
2024-01-01 02:41:05.039000,com.whatsapp
2024-01-01 02:41:21.365000,com.samsung.android.messaging
2024-01-01 04:08:02.742000,com.sec.android.app.launcher
2024-01-01 04:08:23.992000,com.sec.android.app.clockpackage
2024-01-01 04:08:30.055000,com.sec.android.app.clockpackage
2024-01-01 12:02:58.589000,com.pinterest
2024-01-01 12:03:49.833000,com.sec.android.app.launcher
2024-01-01 12:06:33.016000,com.samsung.android.incallui
2024-01-01 12:07:04.713000,com.sec.android.app.launcher
2024-01-01 12:07:51.556000,com.samsung.android.incallui
2024-01-01 12:34:37.791000,com.sec.android.app.launcher
2024-01-01 12:39:08.562000,com.sec.android.app.sbrowser
2024-01-01 12:44:46.586000,com.samsung.android.messaging
2024-01-01 12:45:53.054000,com.pinterest
2024-01-01 13:29:02.672000,com.sec.android.app.launcher
2024-01-01 15:19:17.378000,com.samsung.android.messaging
2024-01-01 15:20:53.327000,com.samsung.android.incallui
2024-01-01 16:30:27.414000,com.samsung.android.messaging
2024-01-01 16:30:41.992000,com.sec.android.app.sbrowser
2024-01-01 16:30:51.439000,com.whatsapp
2024-01-01 17:44:32.046000,com.samsung.android.messaging
2024-01-01 18:55:15.937000,com.google.android.apps.maps
2024-01-01 18:55:55.686000,com.samsung.android.messaging
2024-01-01 19:42:13.982000,com.samsung.android.incallui
2024-01-01 20:24:21.321000,com.pinterest
2024-01-01 20:44:59.799000,com.pinterest
2024-01-01 20:45:12.220000,com.google.android.youtube
2024-01-01 21:02:05.193000,com.sec.android.app.clockpackage
2024-01-01 21:04:53.363000,com.google.android.youtube
2024-01-01 21:33:12.549000,com.google.android.youtube
2024-01-01 21:38:25.671000,com.sec.android.app.camera
2024-01-01 21:39:59.901000,com.sec.android.gallery3d
2024-01-01 21:40:21.429000,com.sec.android.app.launcher
2024-01-01 21:40:24.781000,com.google.android.youtube
2024-01-01 23:24:00.826000,com.whatsapp
2024-01-01 23:24:22.290000,com.duolingo
2024-01-01 23:27:24.305000,com.sec.android.app.camera
2024-01-01 23:27:59.263000,com.sec.android.gallery3d
2024-01-01 23:28:14.207000,com.sec.android.mimage.photoretouching
2024-01-01 23:28:19.967000,com.sec.android.gallery3d
2024-01-01 23:29:12.496000,com.sec.android.mimage.photoretouching
2024-01-01 23:29:18.077000,com.sec.android.gallery3d
2024-01-01 23:30:00.199000,com.samsung.android.messaging
2024-01-01 23:30:56.222000,com.sec.android.gallery3d
2024-01-01 23:31:55.039000,com.samsung.android.messaging
2024-01-01 23:33:13.924000,com.sec.android.app.clockpackage
2024-01-01 23:33:28.397000,com.sec.android.app.launcher
1970-01-01 01:00:00.000000,com.samsung.sec.android.application.csc
2024-01-02 07:56:01.332000,com.sec.android.app.clockpackage
2024-01-02 07:56:20.836000,com.sec.android.app.launcher
2024-01-02 07:56:31.486000,com.samsung.android.messaging
2024-01-02 07:59:49.936000,com.sec.android.app.clockpackage
2024-01-02 08:11:13.430000,com.sec.android.app.launcher
2024-01-02 08:25:01.149000,com.android.settings
2024-01-02 08:25:12.259000,com.spotify.music
2024-01-02 09:08:40.218000,com.sec.android.app.launcher
2024-01-02 09:10:15.359000,com.google.android.gm
2024-01-02 09:26:48.869000,com.google.android.youtube
2024-01-02 10:09:27.810000,com.sec.android.app.launcher
2024-01-02 10:09:45.660000,com.android.vending
2024-01-02 10:10:24.706000,notion.id
2024-01-02 10:12:05.168000,com.google.android.youtube
2024-01-02 10:12:41.581000,notion.id
2024-01-02 10:13:02.454000,com.sec.android.app.launcher
2024-01-02 10:49:48.980000,com.spotify.music
2024-01-02 10:52:58.521000,com.spotify.music
2024-01-02 12:01:07.355000,com.google.android.youtube
2024-01-02 12:26:24.747000,com.samsung.android.incallui
2024-01-02 12:27:09.834000,com.google.android.youtube
2024-01-02 12:29:10.045000,com.spotify.music
2024-01-02 13:01:59.359000,com.spotify.music
2024-01-02 13:05:40.430000,com.sec.android.app.launcher
2024-01-02 13:05:43.784000,com.google.android.youtube
2024-01-02 15:57:32.188000,com.sec.android.app.clockpackage
2024-01-02 15:57:45.949000,com.google.android.youtube
2024-01-02 15:57:45.949000,com.google.android.youtube
2024-01-02 16:26:16.923000,com.samsung.android.messaging
2024-01-02 16:29:11.883000,com.sec.android.app.launcher
2024-01-02 16:38:59.549000,com.sec.android.gallery3d
2024-01-02 18:43:00.520000,com.android.settings
2024-01-02 18:43:45.609000,com.pinterest
2024-01-02 18:46:14.023000,com.google.android.youtube
2024-01-02 19:49:29.667000,com.spotify.music
2024-01-02 19:50:37.516000,com.spotify.music
2024-01-02 20:30:55.513000,com.samsung.android.incallui
2024-01-02 20:30:55.513000,com.samsung.android.incallui
2024-01-02 20:54:04.698000,com.spotify.music
2024-01-02 21:03:31.561000,com.samsung.android.messaging
2024-01-02 21:05:20.588000,com.sec.android.app.launcher
2024-01-02 21:06:40.707000,notion.id
2024-01-02 21:09:05.600000,com.sec.android.app.launcher
2024-01-02 21:09:57.823000,com.android.systemui
2024-01-02 21:10:59.681000,com.sec.android.app.launcher
2024-01-02 21:11:26.077000,com.android.systemui
2024-01-02 21:11:36.529000,com.sec.android.app.launcher
2024-01-02 21:22:08.262000,com.google.android.youtube
2024-01-02 21:27:37.056000,com.spotify.music
2024-01-02 21:28:58.526000,com.sec.android.app.launcher
2024-01-02 21:29:00.534000,com.google.android.youtube
2024-01-02 21:33:26.834000,com.spotify.music
2024-01-02 22:03:05.051000,com.duolingo
2024-01-02 22:31:57.285000,com.sec.android.app.launcher
2024-01-02 22:32:33.383000,com.google.android.youtube
2024-01-02 23:22:12.091000,com.samsung.android.app.notes
2024-01-02 23:37:00.012000,com.spotify.music
2024-01-03 00:05:23.637000,com.sec.android.app.launcher
2024-01-03 00:05:31.608000,com.google.android.youtube
2024-01-03 00:05:58.958000,com.spotify.music
2024-01-03 00:08:19.501000,com.samsung.android.messaging
2024-01-03 00:10:06.317000,com.spotify.music
2024-01-03 00:23:12.867000,com.sec.android.app.launcher
2024-01-03 00:23:17.327000,com.discord
2024-01-03 00:24:30.031000,com.samsung.android.app.dressroom
2024-01-03 00:25:34.690000,com.sec.android.gallery3d
2024-01-03 00:25:53.152000,com.samsung.android.app.dressroom
2024-01-03 00:26:15.873000,com.sec.android.gallery3d
2024-01-03 00:27:01.608000,com.samsung.android.app.dressroom
2024-01-03 00:27:25.140000,com.sec.android.gallery3d
2024-01-03 00:35:39.701000,com.samsung.android.messaging
2024-01-03 00:36:23.506000,com.sec.android.app.launcher
2024-01-03 00:36:46.083000,com.sec.android.app.clockpackage
1970-01-01 01:00:00.000000,com.spotify.music
1970-01-01 01:00:00.000000,com.fitbit.FitbitMobile
1970-01-01 01:00:00.000000,com.samsung.sec.android.application.csc
2024-01-03 05:34:02.466000,com.sec.android.app.clockpackage
2024-01-03 05:34:22.042000,com.discord
2024-01-03 05:34:37.775000,com.sec.android.app.clockpackage
2024-01-03 07:28:10.541000,com.pinterest
2024-01-03 07:33:23.481000,com.sec.android.app.launcher
2024-01-03 07:37:44.366000,com.android.vending
2024-01-03 07:38:44.142000,com.inditex.ecommerce.bershka
2024-01-03 07:42:52.580000,com.sec.android.app.launcher
2024-01-03 07:43:38.593000,com.android.settings
2024-01-03 07:43:50.703000,com.spotify.music
2024-01-03 07:47:02.801000,com.sec.android.app.sbrowser
2024-01-03 07:48:26.948000,com.sec.android.app.myfiles
2024-01-03 07:48:39.735000,com.samsung.android.app.notes
2024-01-03 07:52:59.869000,com.spotify.music
2024-01-03 07:54:14.285000,com.sec.android.app.launcher
2024-01-03 07:54:38.485000,notion.id
2024-01-03 07:54:46.313000,notion.id
2024-01-03 07:57:04.774000,com.sec.android.app.launcher
2024-01-03 07:57:07.131000,com.spotify.music
2024-01-03 07:58:37.044000,com.sec.android.app.launcher
2024-01-03 07:59:31.602000,com.pinterest
2024-01-03 08:06:09.981000,notion.id
2024-01-03 08:08:51.354000,com.pinterest
2024-01-03 08:11:23.231000,notion.id
2024-01-03 08:40:51.447000,com.sec.android.app.launcher
2024-01-03 08:40:55.286000,com.spotify.music
2024-01-03 08:41:33.118000,com.samsung.android.messaging
2024-01-03 08:49:38.724000,com.sec.android.app.launcher
2024-01-03 08:54:03.565000,com.samsung.android.messaging
2024-01-03 09:01:40.620000,com.jcdecaux.vls.ljubljana
2024-01-03 09:44:13.819000,com.sec.android.app.launcher
2024-01-03 09:44:25.873000,com.spotify.music
2024-01-03 09:57:57.722000,com.samsung.android.app.notes
2024-01-03 10:28:16.547000,com.spotify.music
2024-01-03 10:31:34.584000,com.samsung.android.app.notes
2024-01-03 10:36:48.316000,com.samsung.android.messaging
2024-01-03 10:38:50.258000,com.samsung.android.app.notes
2024-01-03 11:00:09.527000,com.spotify.music
2024-01-03 11:00:29.991000,com.google.android.youtube
2024-01-03 11:05:54.331000,com.samsung.android.app.notes
2024-01-03 11:06:14.530000,com.samsung.android.messaging
2024-01-03 11:06:41.281000,com.spotify.music
2024-01-03 11:20:55.352000,com.sec.android.app.launcher
2024-01-03 11:27:03.735000,com.jcdecaux.vls.ljubljana
2024-01-03 12:12:44.431000,com.microsoft.office.outlook
2024-01-03 12:13:00.270000,com.jcdecaux.vls.ljubljana
2024-01-03 12:13:35.319000,com.spotify.music
2024-01-03 12:14:24.597000,com.google.android.youtube
2024-01-03 12:35:15.216000,com.jcdecaux.vls.ljubljana
2024-01-03 12:35:57.391000,com.google.android.youtube
2024-01-03 12:36:10.140000,com.spotify.music
2024-01-03 12:39:31.262000,com.jcdecaux.vls.ljubljana
2024-01-03 12:51:04.051000,com.samsung.android.messaging
2024-01-03 12:56:21.695000,com.whatsapp
2024-01-03 12:56:46.805000,com.samsung.android.messaging
2024-01-03 13:20:37.627000,com.sec.android.app.launcher
2024-01-03 14:15:34.103000,com.discord
2024-01-03 14:15:47.155000,com.whatsapp
2024-01-03 14:24:10.921000,com.samsung.android.incallui
2024-01-03 14:33:23.677000,com.sec.android.app.launcher
2024-01-03 14:33:31.846000,com.spotify.music
2024-01-03 14:34:01.125000,com.android.settings
2024-01-03 14:34:38.349000,com.spotify.music
2024-01-03 15:00:24.393000,com.sec.android.app.launcher
2024-01-03 16:16:01.668000,com.samsung.android.incallui
2024-01-03 16:18:02.926000,com.sec.android.app.launcher
2024-01-03 16:51:19.826000,com.microsoft.office.outlook
2024-01-03 16:51:26.717000,com.sec.android.app.launcher
2024-01-03 17:23:02.285000,com.whatsapp
2024-01-03 17:23:09.934000,com.sec.android.app.launcher
2024-01-03 17:42:57.740000,com.whatsapp
2024-01-03 17:43:06.431000,com.sec.android.app.launcher
2024-01-03 18:21:10.797000,com.samsung.android.messaging
2024-01-03 18:43:47.438000,com.spotify.music
2024-01-03 18:45:58.803000,com.samsung.android.messaging
2024-01-03 19:01:48.526000,com.sec.android.app.launcher
2024-01-03 19:11:02.548000,com.whatsapp
2024-01-03 19:11:12.374000,com.google.android.youtube
2024-01-03 20:45:26.750000,com.samsung.android.incallui
2024-01-03 21:10:37.399000,com.google.android.youtube
2024-01-03 21:10:46.692000,com.sec.android.app.sbrowser
2024-01-03 21:20:16.843000,com.sec.android.app.sbrowser
2024-01-03 23:14:29.841000,com.google.android.gms
2024-01-03 23:14:39.852000,com.sec.android.app.sbrowser
2024-01-03 23:14:39.852000,com.sec.android.app.sbrowser
1970-01-01 01:00:00.000000,com.android.providers.userdictionary
1970-01-01 01:00:00.000000,com.android.bluetooth
1970-01-01 01:00:00.000000,com.samsung.sec.android.application.csc
2024-01-04 00:55:34.908000,com.sec.android.app.sbrowser
2024-01-04 00:55:56.314000,com.sec.android.app.clockpackage
2024-01-04 00:56:41.496000,com.sec.android.app.clockpackage
2024-01-04 07:20:01.131000,com.sec.android.app.launcher
2024-01-04 07:20:06.490000,com.samsung.android.app.notes
2024-01-04 07:57:44.305000,com.spotify.music
2024-01-04 07:57:54.195000,com.discord
2024-01-04 07:58:50.407000,com.spotify.music
2024-01-04 08:00:19.352000,com.samsung.android.app.notes
2024-01-04 08:06:02.412000,com.duolingo
2024-01-04 08:07:16.420000,com.sec.android.app.launcher
2024-01-04 08:25:59.502000,com.samsung.android.app.notes
2024-01-04 08:38:22.454000,com.google.android.apps.maps
2024-01-04 08:39:53.763000,com.sec.android.app.launcher
2024-01-04 09:05:17.820000,com.samsung.android.app.notes
2024-01-04 09:07:10.563000,com.samsung.android.dialer
2024-01-04 09:07:17.255000,com.samsung.android.incallui
2024-01-04 09:09:50.672000,com.samsung.android.dialer
2024-01-04 09:10:00.773000,com.sec.android.app.launcher
2024-01-04 09:10:23.205000,com.spotify.music
2024-01-04 09:12:59.977000,com.jcdecaux.vls.ljubljana
2024-01-04 09:19:14.327000,com.samsung.android.dialer
2024-01-04 09:19:16.840000,com.samsung.android.incallui
2024-01-04 09:19:45.982000,com.samsung.android.dialer
2024-01-04 09:22:32.245000,com.spotify.music
2024-01-04 09:25:59.537000,com.sec.android.app.launcher
2024-01-04 09:26:14.923000,com.margento.studentskaprehrana
2024-01-04 09:28:10.361000,com.spotify.music
2024-01-04 10:03:53.747000,com.google.android.youtube
2024-01-04 10:03:53.747000,com.google.android.youtube
2024-01-04 11:06:10.290000,com.google.android.youtube
2024-01-04 11:20:17.238000,com.microsoft.office.outlook
2024-01-04 11:26:10.399000,com.google.android.youtube
2024-01-04 11:35:49.388000,com.sec.android.app.launcher
2024-01-04 11:35:54.861000,com.sec.android.app.clockpackage
2024-01-04 11:36:25.743000,com.google.android.youtube
2024-01-04 11:46:10.505000,com.google.android.youtube
2024-01-04 11:58:49.798000,com.sec.android.app.clockpackage
2024-01-04 12:03:54.325000,com.samsung.android.incallui
2024-01-04 12:07:07.219000,com.sec.android.app.launcher
2024-01-04 12:09:48.915000,com.samsung.android.messaging
2024-01-04 12:12:19.493000,com.sec.android.app.launcher
2024-01-04 12:22:43.263000,com.discord
2024-01-04 12:22:47.875000,com.sec.android.app.launcher
2024-01-04 12:25:29.818000,com.samsung.android.messaging
2024-01-04 12:38:34.347000,com.sec.android.app.launcher
2024-01-04 12:39:23.817000,com.samsung.android.messaging
2024-01-04 12:40:33.177000,com.sec.android.app.launcher
2024-01-04 12:43:53.550000,com.discord
2024-01-04 12:44:40.952000,com.samsung.android.dialer
2024-01-04 12:44:51.053000,com.samsung.android.incallui
2024-01-04 12:48:54.568000,com.sec.android.app.launcher
2024-01-04 12:49:25.375000,com.samsung.android.messaging
2024-01-04 12:52:28.000000,com.sec.android.app.launcher
2024-01-04 13:37:12.315000,com.samsung.android.app.notes
2024-01-04 13:39:01.081000,com.pinterest
2024-01-04 13:43:47.722000,com.sec.android.app.launcher
2024-01-04 14:02:45.688000,com.samsung.android.app.notes
2024-01-04 14:10:09.169000,com.sec.android.app.launcher
2024-01-04 14:21:45.814000,com.samsung.android.messaging
2024-01-04 14:21:49.028000,com.android.settings
2024-01-04 14:22:15.696000,com.samsung.android.messaging
2024-01-04 14:23:00.459000,com.android.settings
2024-01-04 14:23:57.590000,com.samsung.android.messaging
2024-01-04 14:24:14.927000,com.sec.android.app.launcher
2024-01-04 14:24:22.467000,com.spotify.music
2024-01-04 14:44:04.632000,com.microsoft.office.outlook
2024-01-04 14:44:32.522000,com.spotify.music
2024-01-04 14:57:03.396000,com.sec.android.app.launcher
2024-01-04 14:57:20.137000,co.infinum.nlb
2024-01-04 14:57:56.100000,com.sec.android.app.launcher
2024-01-04 15:04:51.229000,com.samsung.android.messaging
2024-01-04 15:05:02.975000,com.sec.android.app.launcher
2024-01-04 15:26:39.940000,com.google.android.gm
2024-01-04 15:27:13.568000,com.sec.android.app.launcher
2024-01-04 17:39:44.742000,com.whatsapp
2024-01-04 17:39:50.184000,com.sec.android.app.launcher
2024-01-04 17:41:57.595000,com.whatsapp
2024-01-04 17:42:02.906000,com.google.android.apps.photos
2024-01-04 17:42:18.253000,com.sec.android.app.launcher
2024-01-04 17:47:07.695000,com.samsung.android.messaging
2024-01-04 19:45:15.673000,com.samsung.android.incallui
2024-01-04 19:46:44.643000,com.samsung.android.messaging
2024-01-04 20:00:26.000000,com.samsung.android.incallui
2024-01-04 20:03:31.161000,com.samsung.android.messaging
2024-01-04 20:09:39.941000,com.spotify.music
2024-01-04 20:09:51.547000,com.android.settings
2024-01-04 20:10:07.207000,com.spotify.music
2024-01-04 20:13:54.319000,com.samsung.android.messaging
2024-01-04 20:22:16.312000,com.spotify.music
2024-01-04 20:26:10.802000,com.whatsapp
2024-01-04 20:26:32.099000,com.sec.android.app.launcher
2024-01-04 20:26:37.842000,com.pinterest
2024-01-04 20:42:20.364000,com.sec.android.app.launcher
2024-01-04 23:51:56.480000,com.samsung.android.app.notes
2024-01-04 23:51:56.480000,com.samsung.android.app.notes
2024-01-04 23:52:19.121000,com.sec.android.app.launcher
2024-01-04 23:52:24.729000,com.sec.android.app.clockpackage
1970-01-01 01:00:00.000000,com.samsung.android.privacydashboard
1970-01-01 01:00:00.000000,com.sec.android.sdhms
1970-01-01 01:00:00.000000,com.samsung.sec.android.application.csc
2024-01-05 08:07:02.449000,com.sec.android.app.clockpackage
2024-01-05 08:59:08.383000,com.android.settings
2024-01-05 08:59:16.273000,com.spotify.music
2024-01-05 09:02:21.089000,com.sec.android.app.launcher
2024-01-05 09:14:02.087000,com.samsung.android.app.notes
2024-01-05 09:24:11.271000,com.sec.android.app.launcher
2024-01-05 09:29:22.962000,com.samsung.android.messaging
2024-01-05 09:31:46.700000,com.samsung.android.incallui
2024-01-05 09:32:11.481000,com.samsung.android.messaging
2024-01-05 09:33:41.758000,com.sec.android.app.launcher
2024-01-05 09:33:56.072000,com.samsung.android.incallui
2024-01-05 09:34:18.438000,com.samsung.android.dialer
2024-01-05 09:36:24.840000,com.spotify.music
2024-01-05 09:43:05.490000,com.samsung.android.incallui
2024-01-05 09:49:16.554000,com.spotify.music
2024-01-05 09:54:04.055000,com.samsung.android.dialer
2024-01-05 09:54:16.986000,com.jcdecaux.vls.ljubljana
2024-01-05 09:57:39.686000,com.sec.android.app.launcher
2024-01-05 09:58:08.707000,com.sec.android.app.sbrowser
2024-01-05 09:58:57.568000,com.google.android.apps.maps
2024-01-05 09:59:26.344000,com.samsung.android.dialer
2024-01-05 09:59:32.091000,com.samsung.android.incallui
2024-01-05 10:04:30.391000,com.sec.android.app.launcher
2024-01-05 10:06:06.448000,com.margento.studentskaprehrana
2024-01-05 10:07:24.101000,com.sec.android.app.launcher
2024-01-05 10:10:05.506000,com.samsung.android.messaging
2024-01-05 10:16:29.271000,com.spotify.music
2024-01-05 10:16:37.369000,com.samsung.android.messaging
2024-01-05 10:22:43.628000,com.fitbit.FitbitMobile
2024-01-05 10:24:49.708000,com.sec.android.app.launcher
2024-01-05 10:26:31.454000,com.spotify.music
2024-01-05 10:27:01.584000,com.sec.android.app.sbrowser
2024-01-05 10:52:36.882000,com.google.android.youtube
2024-01-05 11:36:02.689000,com.google.android.youtube
2024-01-05 12:30:35.492000,com.sec.android.app.camera
2024-01-05 12:31:27.032000,com.google.android.youtube
2024-01-05 12:37:05.412000,com.sec.android.app.camera
2024-01-05 12:37:46.179000,com.google.android.youtube
2024-01-05 13:39:28.654000,com.samsung.android.incallui
2024-01-05 13:40:09.730000,com.google.android.youtube
2024-01-05 14:12:47.158000,com.samsung.android.messaging
2024-01-05 14:12:54.396000,com.sec.android.app.launcher
2024-01-05 14:13:03.697000,com.google.android.youtube
2024-01-05 15:24:44.571000,com.samsung.android.incallui
2024-01-05 15:27:31.393000,com.google.android.youtube
2024-01-05 16:23:54.830000,com.sec.android.app.camera
2024-01-05 16:24:01.908000,com.sec.android.gallery3d
2024-01-05 16:25:20.547000,com.whatsapp
2024-01-05 16:25:31.049000,com.google.android.youtube
2024-01-05 17:00:55.050000,com.sec.android.app.sbrowser
2024-01-05 17:04:39.550000,com.whatsapp
2024-01-05 17:05:20.312000,com.samsung.android.messaging
2024-01-05 17:14:33.812000,com.wssyncmldm
2024-01-05 17:14:55.028000,com.whatsapp
2024-01-05 17:16:37.265000,com.sec.android.app.sbrowser
2024-01-05 17:17:05.275000,com.google.android.apps.docs.editors.docs
2024-01-05 17:17:23.978000,com.whatsapp
2024-01-05 17:17:39.709000,com.discord
2024-01-05 17:17:54.180000,com.sec.android.app.launcher
2024-01-05 17:57:04.057000,com.whatsapp
2024-01-05 17:57:09.927000,com.sec.android.app.launcher
2024-01-05 18:07:06.395000,com.sec.android.app.camera
2024-01-05 18:07:23.899000,com.sec.android.gallery3d
2024-01-05 19:04:02.708000,com.samsung.android.messaging
2024-01-05 19:07:02.718000,com.sec.android.app.launcher
2024-01-05 20:34:49.526000,com.google.android.youtube
2024-01-05 21:45:12.904000,com.sec.android.app.sbrowser
2024-01-05 21:45:51.926000,com.sec.android.app.launcher
2024-01-05 21:45:57.403000,com.google.android.youtube
2024-01-05 21:50:43.644000,com.google.android.youtube
2024-01-05 22:50:44.055000,com.google.android.youtube
2024-01-05 23:40:04.247000,com.discord
2024-01-05 23:40:09.965000,com.duolingo
2024-01-05 23:41:14.597000,com.google.android.youtube
2024-01-06 00:30:44.748000,com.google.android.youtube
2024-01-06 00:46:14.390000,com.samsung.android.messaging
2024-01-06 00:46:24.634000,com.discord
2024-01-06 00:47:04.711000,com.samsung.android.messaging
2024-01-06 00:48:12.261000,com.sec.android.app.sbrowser
2024-01-06 00:48:41.860000,com.sec.android.app.clockpackage
2024-01-06 06:39:26.930000,com.samsung.android.messaging
2024-01-06 06:39:30.283000,com.sec.android.app.clockpackage
2024-01-06 07:57:57.585000,com.samsung.android.messaging
2024-01-06 07:58:26.965000,com.microsoft.office.outlook
2024-01-06 07:59:00.274000,com.sec.android.app.launcher
2024-01-06 08:16:32.458000,com.spotify.music
2024-01-06 08:50:35.267000,com.sec.android.app.sbrowser
2024-01-06 09:10:23.987000,com.sec.android.app.launcher
2024-01-06 09:17:50.942000,com.google.android.apps.docs
2024-01-06 12:54:47.415000,com.samsung.android.messaging
2024-01-06 14:05:52.529000,com.google.android.apps.docs
2024-01-06 14:05:57.601000,com.sec.android.app.launcher
2024-01-06 14:06:33.806000,com.samsung.android.incallui
2024-01-06 14:07:57.836000,com.spotify.music
2024-01-06 14:24:33.255000,com.samsung.android.messaging
2024-01-06 14:49:54.238000,com.spotify.music
2024-01-06 15:09:23.642000,com.samsung.android.app.notes
2024-01-06 15:12:07.040000,com.spotify.music
2024-01-06 15:16:41.838000,com.samsung.android.app.notes
2024-01-06 15:26:40.420000,com.samsung.android.messaging
2024-01-06 15:29:34.930000,com.samsung.android.app.notes
2024-01-06 15:45:46.379000,com.samsung.android.messaging
2024-01-06 15:45:57.805000,com.samsung.android.app.notes
2024-01-06 16:09:27.458000,com.sec.android.app.launcher
2024-01-06 16:09:34.708000,com.spotify.music
2024-01-06 16:32:02.045000,com.whatsapp
2024-01-06 16:32:06.211000,com.spotify.music
2024-01-06 16:36:54.505000,com.sec.android.app.launcher
2024-01-06 16:37:28.294000,com.samsung.android.incallui
2024-01-06 16:37:47.555000,com.samsung.android.dialer
2024-01-06 16:38:02.203000,com.samsung.android.incallui
2024-01-06 16:40:30.137000,com.samsung.android.dialer
2024-01-06 16:45:27.715000,com.sec.android.app.launcher
2024-01-06 16:45:37.329000,de.dm.meindm.android
2024-01-06 16:48:45.645000,com.google.android.apps.maps
2024-01-06 16:49:35.325000,com.spotify.music
2024-01-06 16:49:45.731000,com.samsung.android.messaging
2024-01-06 16:50:06.117000,com.spotify.music
2024-01-06 16:59:40.439000,com.sec.android.app.launcher
2024-01-06 16:59:51.216000,com.google.android.youtube
2024-01-06 17:00:46.540000,com.google.android.apps.maps
2024-01-06 17:00:46.540000,com.google.android.apps.maps
2024-01-06 17:01:51.768000,com.google.android.youtube
2024-01-06 17:14:31.321000,com.samsung.android.messaging
2024-01-06 17:14:46.451000,com.sec.android.app.launcher
2024-01-06 17:15:01.694000,com.google.android.youtube
2024-01-06 17:15:25.771000,com.sec.android.app.launcher
2024-01-06 17:15:48.895000,com.duolingo
2024-01-06 17:19:50.787000,com.spotify.music
2024-01-06 17:20:26.466000,com.sec.android.app.launcher
2024-01-06 17:21:20.995000,com.spotify.music
2024-01-06 17:30:15.626000,com.duolingo
2024-01-06 17:32:23.006000,com.spotify.music
2024-01-06 17:37:38.297000,com.sec.android.app.launcher
2024-01-06 17:37:45.077000,com.google.android.apps.maps
2024-01-07 00:14:43.717000,com.sec.android.app.launcher
2024-01-07 00:15:00.917000,com.whatsapp
2024-01-07 00:15:20.153000,com.sec.android.app.clockpackage
1970-01-01 01:00:00.000000,com.whatsapp
1970-01-01 01:00:00.000000,com.android.bluetooth
1970-01-01 01:00:00.000000,com.samsung.sec.android.application.csc
2024-01-07 09:01:01.557000,com.sec.android.app.clockpackage
2024-01-07 11:09:46.757000,com.duolingo
2024-01-07 11:09:56.131000,com.duolingo
2024-01-07 12:05:24.980000,com.sec.android.app.launcher
2024-01-07 12:05:35.670000,com.whatsapp
2024-01-07 12:06:35.690000,com.google.android.gm
2024-01-07 14:41:30.340000,com.duolingo
2024-01-07 14:44:12.298000,com.duolingo
2024-01-07 14:44:27.929000,com.sec.android.app.launcher
2024-01-07 18:22:07.393000,com.samsung.android.incallui
2024-01-07 18:22:30.530000,com.sec.android.app.launcher
2024-01-07 18:30:22.152000,com.spotify.music
2024-01-07 18:40:52.191000,com.google.android.youtube
2024-01-07 18:57:11.547000,com.sec.android.gallery3d
2024-01-07 18:57:11.547000,com.sec.android.gallery3d
2024-01-07 18:59:16.561000,com.sec.android.mimage.photoretouching
2024-01-07 18:59:27.748000,com.sec.android.gallery3d
2024-01-07 19:00:21.906000,com.sec.android.mimage.photoretouching
2024-01-07 19:00:27.149000,com.sec.android.gallery3d
2024-01-07 19:00:47.470000,com.sec.android.mimage.photoretouching
2024-01-07 19:01:06.877000,com.sec.android.app.launcher
2024-01-07 19:01:08.426000,com.samsung.android.messaging
2024-01-07 19:01:32.287000,com.sec.android.gallery3d
2024-01-07 19:01:48.081000,com.samsung.android.messaging
2024-01-07 19:06:11.635000,com.sec.android.app.launcher
2024-01-07 19:06:14.641000,com.google.android.youtube
2024-01-07 19:39:48.727000,com.samsung.android.messaging
2024-01-07 19:41:13.037000,com.google.android.youtube
2024-01-07 19:53:17.569000,com.whatsapp
2024-01-07 20:09:21.386000,com.google.android.youtube
2024-01-07 21:48:42.077000,com.whatsapp
2024-01-07 21:50:07.976000,com.sec.android.app.launcher
2024-01-07 21:56:58.376000,com.google.android.youtube
2024-01-08 00:28:56.990000,com.sec.android.app.launcher
2024-01-08 00:29:20.718000,com.pinterest
2024-01-08 00:30:00.089000,com.samsung.android.app.notes
2024-01-08 00:30:59.406000,com.sec.android.app.popupcalculator
2024-01-08 00:31:12.323000,com.samsung.android.app.notes
2024-01-08 00:43:00.911000,com.samsung.android.messaging
2024-01-08 00:43:56.594000,com.sec.android.app.launcher
2024-01-08 00:44:17.091000,com.sec.android.app.clockpackage
1970-01-01 01:00:00.000000,com.sec.android.app.launcher
1970-01-01 01:00:00.000000,com.android.systemui
1970-01-01 01:00:00.000000,com.samsung.sec.android.application.csc
2024-01-08 05:52:02.788000,com.sec.android.app.clockpackage
2024-01-08 05:52:12.858000,com.sec.android.app.launcher
2024-01-08 05:53:25.756000,com.sec.android.app.clockpackage
2024-01-08 06:30:33.577000,com.sec.android.app.launcher
2024-01-08 06:30:38.740000,com.samsung.android.app.notes
2024-01-08 06:31:16.524000,com.sec.android.app.launcher
2024-01-08 06:41:47.630000,com.fitbit.FitbitMobile
2024-01-08 06:42:15.273000,com.pinterest
2024-01-08 07:31:28.694000,com.spotify.music
2024-01-08 07:41:53.799000,com.microsoft.office.outlook
2024-01-08 07:42:26.962000,com.whatsapp
2024-01-08 07:43:21.377000,com.sec.android.app.launcher
2024-01-08 07:54:55.817000,com.samsung.android.messaging
2024-01-08 07:55:08.442000,com.sec.android.app.sbrowser
2024-01-08 07:55:26.525000,com.samsung.android.incallui
2024-01-08 07:56:14.076000,com.sec.android.app.sbrowser
2024-01-08 07:56:26.023000,com.microsoft.office.outlook
2024-01-08 07:56:42.038000,com.sec.android.app.launcher
2024-01-08 08:01:20.596000,com.samsung.android.messaging
2024-01-08 08:03:19.829000,com.sec.android.app.launcher
2024-01-08 09:38:11.370000,com.microsoft.office.outlook
2024-01-08 09:43:23.727000,com.sec.android.app.launcher
2024-01-08 10:47:20.476000,com.whatsapp
2024-01-08 10:47:36.896000,com.sec.android.app.launcher
2024-01-08 10:52:47.709000,com.whatsapp
2024-01-08 10:54:07.634000,com.sec.android.app.launcher
2024-01-08 11:38:22.832000,com.sec.android.app.sbrowser
2024-01-08 12:38:01.073000,com.samsung.android.messaging
2024-01-08 12:38:59.424000,com.sec.android.app.launcher
2024-01-08 14:15:30.486000,com.whatsapp
2024-01-08 14:15:44.013000,com.sec.android.app.launcher
2024-01-08 14:22:48.119000,todolist.scheduleplanner.dailyplanner.todo.reminders
2024-01-08 14:22:52.382000,com.sec.android.app.launcher
2024-01-08 14:28:29.644000,com.sec.android.app.sbrowser
2024-01-08 15:22:41.335000,com.sec.android.app.launcher
2024-01-08 15:22:47.918000,com.sec.android.app.sbrowser
2024-01-08 15:37:02.253000,com.sec.android.app.launcher
2024-01-08 15:37:09.793000,com.duolingo
2024-01-08 15:37:23.141000,com.duolingo
2024-01-08 15:40:05.759000,com.sec.android.app.launcher
2024-01-08 15:42:20.595000,com.sec.android.app.sbrowser
2024-01-08 18:41:51.984000,com.whatsapp
2024-01-08 18:42:24.504000,com.sec.android.app.sbrowser
2024-01-08 19:55:57.416000,com.samsung.android.messaging
2024-01-08 20:11:06.626000,com.samsung.android.incallui
2024-01-08 20:16:16.202000,com.samsung.android.dialer
2024-01-08 20:16:35.366000,com.spotify.music
2024-01-08 20:33:39.526000,com.google.android.youtube
2024-01-08 20:33:39.526000,com.google.android.youtube
2024-01-08 22:05:58.010000,com.whatsapp
2024-01-08 22:10:00.503000,com.spotify.music
2024-01-08 22:15:53.142000,com.samsung.android.messaging
2024-01-08 22:40:25.447000,com.sec.android.app.launcher
2024-01-08 22:40:42.437000,com.whatsapp
2024-01-08 22:41:32.666000,com.microsoft.office.outlook
2024-01-08 22:41:45.686000,com.whatsapp
2024-01-08 22:41:57.602000,com.google.android.gm
2024-01-08 22:42:09.788000,com.sec.android.app.launcher
2024-01-08 22:54:08.064000,com.sec.android.app.clockpackage
2024-01-08 23:00:36.522000,com.sec.android.app.clockpackage
1970-01-01 01:00:00.000000,com.samsung.sec.android.application.csc
1970-01-01 01:00:00.000000,com.samsung.sec.android.application.csc
1970-01-01 01:00:00.000000,com.samsung.sec.android.application.csc
1970-01-01 01:00:00.000000,com.samsung.sec.android.application.csc
2024-01-09 07:19:02.495000,com.sec.android.app.clockpackage
2024-01-09 07:54:02.198000,com.jcdecaux.vls.ljubljana
2024-01-09 08:10:10.244000,com.whatsapp
2024-01-09 08:17:55.708000,com.sec.android.app.launcher
2024-01-09 08:18:34.678000,com.google.android.youtube
2024-01-09 08:18:56.066000,com.jcdecaux.vls.ljubljana
2024-01-09 08:19:55.217000,com.microsoft.office.outlook
2024-01-09 08:20:41.346000,com.sec.android.app.launcher
2024-01-09 08:22:21.902000,com.whatsapp
2024-01-09 08:27:23.818000,com.sec.android.app.launcher
2024-01-09 08:42:54.297000,com.sec.android.app.sbrowser
2024-01-09 08:44:51.690000,com.sec.android.app.launcher
2024-01-09 08:45:21.743000,com.whatsapp
2024-01-09 08:55:20.663000,com.sec.android.app.launcher
2024-01-09 08:57:32.247000,com.whatsapp
2024-01-09 09:06:36.066000,com.sec.android.app.launcher
2024-01-09 10:30:21.368000,com.samsung.android.messaging
2024-01-09 10:30:51.448000,com.sec.android.app.launcher
2024-01-09 11:19:18.297000,com.whatsapp
2024-01-09 11:19:32.244000,com.sec.android.app.launcher
2024-01-09 11:24:18.406000,com.whatsapp
2024-01-09 11:24:40.077000,com.sec.android.app.launcher
2024-01-09 11:24:54.320000,com.google.android.gm
2024-01-09 11:31:02.167000,com.samsung.android.incallui
2024-01-09 11:36:08.989000,com.google.android.gm
2024-01-09 11:36:12.713000,com.whatsapp
2024-01-09 11:42:37.961000,com.sec.android.app.launcher
2024-01-09 12:11:46.124000,com.whatsapp
2024-01-09 12:11:56.255000,com.sec.android.app.launcher
2024-01-09 13:20:13.668000,com.whatsapp
2024-01-09 13:20:33.228000,com.sec.android.app.launcher
2024-01-09 14:11:21.171000,com.margento.studentskaprehrana
2024-01-09 14:46:07.683000,com.whatsapp
2024-01-09 14:55:04.377000,com.margento.studentskaprehrana
2024-01-09 15:42:16.767000,com.sec.android.app.launcher
2024-01-09 15:42:40.891000,com.samsung.android.messaging
2024-01-09 16:41:02.480000,com.samsung.android.incallui
2024-01-09 16:43:32.118000,com.samsung.android.messaging
2024-01-09 17:58:37.408000,com.samsung.android.incallui
2024-01-09 18:28:16.759000,com.samsung.android.messaging
2024-01-09 18:29:06.996000,com.whatsapp
2024-01-09 18:33:43.882000,com.samsung.android.messaging
2024-01-09 18:34:21.552000,com.sec.android.app.launcher
2024-01-09 18:45:31.023000,com.sec.android.app.clockpackage
2024-01-09 19:11:02.558000,com.sec.android.app.launcher
2024-01-09 19:11:15.957000,com.jcdecaux.vls.ljubljana
2024-01-09 19:13:42.251000,com.android.settings
2024-01-09 19:15:01.448000,com.samsung.android.dialer
2024-01-09 19:15:06.939000,com.samsung.android.incallui
2024-01-09 19:15:34.018000,com.spotify.music
2024-01-09 19:15:46.414000,com.samsung.android.incallui
2024-01-09 19:19:41.802000,com.spotify.music
2024-01-09 19:21:18.332000,com.jcdecaux.vls.ljubljana
2024-01-09 19:51:22.507000,com.pinterest
2024-01-09 19:51:23.392000,com.pinterest
2024-01-09 19:55:48.591000,com.sec.android.app.launcher
2024-01-09 19:55:49.942000,com.samsung.android.messaging
2024-01-09 19:57:44.114000,com.spotify.music
2024-01-09 20:09:58.381000,com.samsung.android.app.notes
2024-01-09 20:13:43.359000,com.spotify.music
2024-01-09 20:32:53.619000,com.samsung.android.app.notes
2024-01-09 20:43:28.723000,com.samsung.android.app.notes
2024-01-09 20:51:16.354000,com.sec.android.app.launcher
2024-01-09 20:51:26.461000,com.sec.android.app.clockpackage
2024-01-09 20:52:33.373000,com.sec.android.app.launcher
2024-01-09 20:58:48.044000,com.samsung.android.app.notes
2024-01-09 21:15:01.431000,com.google.android.apps.maps
2024-01-09 21:15:15.009000,com.google.android.apps.maps
2024-01-09 21:23:51.933000,com.spotify.music
2024-01-09 21:24:16.596000,com.jcdecaux.vls.ljubljana
2024-01-09 21:24:33.270000,com.spotify.music
2024-01-09 21:26:05.858000,com.samsung.android.messaging
2024-01-09 21:54:19.910000,com.sec.android.app.launcher
2024-01-09 21:57:07.528000,com.whatsapp
2024-01-09 21:57:10.265000,com.samsung.android.messaging
2024-01-09 22:06:22.573000,com.spotify.music
2024-01-09 22:06:37.557000,com.spotify.music
2024-01-09 22:54:13.324000,com.duolingo
2024-01-09 22:56:57.636000,com.sec.android.app.launcher
2024-01-09 22:57:38.836000,com.sec.android.app.clockpackage
1970-01-01 01:00:00.000000,com.sec.android.diagmonagent
1970-01-01 01:00:00.000000,com.spotify.music
1970-01-01 01:00:00.000000,com.samsung.sec.android.application.csc
2024-01-10 07:19:02.461000,com.sec.android.app.clockpackage
2024-01-10 07:37:00.121000,com.sec.android.app.launcher
2024-01-10 07:37:15.918000,com.samsung.android.app.notes
2024-01-10 08:18:34.679000,com.whatsapp
2024-01-10 08:18:49.320000,com.samsung.android.app.notes
2024-01-10 08:28:57.426000,com.jcdecaux.vls.ljubljana
2024-01-10 08:46:49.428000,com.sec.android.app.launcher
2024-01-10 08:47:21.031000,com.whatsapp
2024-01-10 08:48:17.853000,com.samsung.android.messaging
2024-01-10 08:49:10.488000,com.google.android.gm
2024-01-10 08:49:33.222000,com.sec.android.app.launcher
2024-01-10 08:50:14.276000,com.whatsapp
2024-01-10 08:55:33.489000,com.google.android.permissioncontroller
2024-01-10 08:55:45.854000,com.whatsapp
2024-01-10 08:57:45.388000,com.google.android.apps.docs.editors.docs
2024-01-10 08:58:13.521000,android
2024-01-10 08:58:28.934000,com.google.android.apps.docs.editors.docs
2024-01-10 09:04:44.146000,com.sec.android.app.launcher
2024-01-10 09:04:51.331000,com.google.android.gm
2024-01-10 09:05:15.510000,com.whatsapp
2024-01-10 09:05:41.208000,com.whatsapp
2024-01-10 09:07:16.292000,com.sec.android.app.launcher
2024-01-10 09:16:12.157000,com.samsung.android.messaging
2024-01-10 09:17:49.532000,com.sec.android.app.launcher
2024-01-10 09:20:14.536000,com.samsung.android.messaging
2024-01-10 09:31:54.646000,com.whatsapp
2024-01-10 09:36:54.830000,com.samsung.android.messaging
2024-01-10 09:52:38.510000,com.whatsapp
2024-01-10 09:52:48.581000,com.sec.android.app.launcher
2024-01-10 10:39:29.631000,com.whatsapp
2024-01-10 10:50:26.574000,com.samsung.android.messaging
2024-01-10 10:50:29.675000,com.whatsapp
2024-01-10 11:15:35.989000,com.samsung.android.messaging
2024-01-10 13:06:59.539000,com.whatsapp
2024-01-10 13:07:35.536000,com.google.android.apps.docs.editors.docs
2024-01-10 13:13:44.664000,com.google.android.documentsui
2024-01-10 13:14:08.629000,com.whatsapp
2024-01-10 13:14:38.366000,com.google.android.apps.docs.editors.docs
2024-01-10 13:15:01.158000,com.sec.android.app.launcher
2024-01-10 14:57:04.803000,com.jcdecaux.vls.ljubljana
2024-01-10 15:05:46.026000,com.jcdecaux.vls.ljubljana
2024-01-10 15:12:54.526000,com.sec.android.app.launcher
2024-01-10 15:13:25.392000,com.margento.studentskaprehrana
2024-01-10 16:00:11.616000,com.whatsapp
2024-01-10 16:00:25.006000,com.margento.studentskaprehrana
2024-01-10 17:56:59.182000,com.whatsapp
2024-01-10 17:57:05.320000,com.sec.android.app.launcher
2024-01-10 19:49:58.561000,com.google.android.youtube
2024-01-10 19:51:37.426000,com.samsung.android.messaging
2024-01-10 19:52:51.175000,com.sec.android.app.launcher
2024-01-10 20:29:50.905000,com.samsung.android.messaging
2024-01-10 20:30:01.379000,com.google.android.apps.maps
2024-01-10 20:31:01.472000,com.sec.android.app.launcher
2024-01-10 20:31:41.866000,com.samsung.android.incallui
2024-01-10 20:40:45.377000,de.dm.meindm.android
2024-01-10 20:43:30.349000,com.sec.android.app.launcher
2024-01-10 20:43:32.699000,com.google.android.apps.maps
2024-01-10 20:44:04.895000,com.spotify.music
2024-01-10 20:47:44.613000,com.samsung.android.messaging
2024-01-10 20:54:35.121000,com.spotify.music
2024-01-10 21:07:44.681000,com.sec.android.app.launcher
2024-01-10 21:07:59.499000,com.google.android.youtube
2024-01-10 21:07:59.499000,com.google.android.youtube
2024-01-10 21:57:33.333000,com.sec.android.app.launcher
2024-01-10 22:15:17.831000,com.duolingo
2024-01-10 22:15:27.164000,com.duolingo
2024-01-10 22:17:48.890000,com.sec.android.app.launcher
2024-01-10 23:27:48.721000,com.sec.android.app.clockpackage
1970-01-01 01:00:00.000000,com.sec.android.sdhms
1970-01-01 01:00:00.000000,com.samsung.sec.android.application.csc
2024-01-11 07:19:01.176000,com.sec.android.app.clockpackage
2024-01-11 07:50:23.285000,com.samsung.android.incallui
2024-01-11 07:58:49.168000,com.sec.android.app.clockpackage
2024-01-11 07:59:06.842000,com.spotify.music
2024-01-11 07:59:21.338000,com.google.android.youtube
2024-01-11 07:59:56.977000,com.android.settings
2024-01-11 08:00:08.086000,com.google.android.youtube
2024-01-11 08:08:06.892000,com.samsung.android.messaging
2024-01-11 08:10:21.745000,com.sec.android.app.launcher
2024-01-11 08:22:16.315000,com.whatsapp
2024-01-11 08:22:35.506000,com.sec.android.app.launcher
2024-01-11 08:26:13.181000,com.samsung.android.messaging
2024-01-11 09:16:05.340000,com.sec.android.app.launcher
2024-01-11 09:16:10.436000,com.quizlet.quizletandroid
2024-01-11 09:22:00.088000,com.sec.android.app.sbrowser
2024-01-11 09:22:33.062000,com.sec.android.app.launcher
2024-01-11 09:22:49.914000,com.quizlet.quizletandroid
2024-01-11 09:23:26.951000,com.sec.android.app.sbrowser
2024-01-11 09:24:10.164000,com.quizlet.quizletandroid
2024-01-11 10:45:44.192000,com.sec.android.app.launcher
2024-01-11 10:46:02.867000,com.google.android.apps.docs.editors.docs
2024-01-11 11:11:02.367000,com.microsoft.office.outlook
2024-01-11 11:11:14.207000,com.jcdecaux.vls.ljubljana
2024-01-11 11:12:52.348000,com.sec.android.app.launcher
2024-01-11 11:14:57.141000,com.samsung.android.app.notes
2024-01-11 11:22:52.676000,com.spotify.music
2024-01-11 11:27:04.091000,com.jcdecaux.vls.ljubljana
2024-01-11 11:33:59.014000,com.margento.studentskaprehrana
2024-01-11 11:35:44.024000,com.spotify.music
2024-01-11 11:48:07.495000,com.samsung.android.messaging
2024-01-11 11:48:47.089000,com.sec.android.app.launcher
2024-01-11 11:49:14.152000,com.google.android.youtube
2024-01-11 11:51:20.754000,com.sec.android.app.launcher
2024-01-11 11:56:08.596000,com.google.android.youtube
2024-01-11 11:56:23.602000,com.whatsapp
2024-01-11 11:56:23.602000,com.whatsapp
2024-01-11 12:10:01.147000,com.google.android.youtube
2024-01-11 12:41:25.286000,com.samsung.android.messaging
2024-01-11 12:50:01.519000,com.google.android.youtube
2024-01-11 12:54:09.543000,com.sec.android.app.sbrowser
2024-01-11 12:54:16.164000,com.google.android.youtube
2024-01-11 12:54:16.164000,com.google.android.youtube
2024-01-11 13:33:18.793000,com.sec.android.app.clockpackage
2024-01-11 13:33:27.584000,com.sec.android.app.clockpackage
2024-01-11 13:33:36.320000,com.google.android.youtube
2024-01-11 13:41:58.045000,com.sec.android.app.clockpackage
2024-01-11 13:42:44.304000,com.google.android.youtube
2024-01-11 14:50:23.261000,com.sec.android.app.launcher
2024-01-11 14:52:10.942000,com.spotify.music
2024-01-11 14:59:21.116000,com.samsung.android.messaging
2024-01-11 14:59:44.016000,com.samsung.android.incallui
2024-01-11 15:12:23.936000,com.samsung.android.messaging
2024-01-11 15:52:46.773000,com.sec.android.app.launcher
2024-01-11 15:53:31.688000,com.samsung.android.messaging
2024-01-11 18:15:50.143000,com.android.settings
2024-01-11 18:16:16.960000,com.google.android.youtube
2024-01-11 18:31:06.368000,com.samsung.android.incallui
2024-01-11 18:31:45.343000,com.samsung.android.messaging
2024-01-11 18:32:21.060000,com.microsoft.office.outlook
2024-01-11 18:32:44.233000,com.samsung.android.messaging
2024-01-11 18:43:22.115000,com.whatsapp
2024-01-11 18:43:58.095000,com.sec.android.app.launcher
2024-01-11 18:44:05.335000,com.google.android.youtube
2024-01-11 18:52:47.540000,com.sec.android.app.launcher
2024-01-11 20:10:43.150000,com.samsung.android.incallui
2024-01-11 20:26:29.384000,com.sec.android.app.launcher
2024-01-11 21:02:49.484000,com.google.android.youtube
2024-01-11 21:03:14.085000,com.sec.android.app.sbrowser
2024-01-11 21:03:15.977000,com.google.android.youtube
2024-01-11 21:14:26.196000,com.sec.android.app.launcher
2024-01-11 21:14:34.994000,com.pinterest
2024-01-11 21:43:45.812000,com.sec.android.app.launcher
2024-01-11 21:44:16.190000,com.google.android.youtube
2024-01-11 22:06:05.834000,com.whatsapp
2024-01-11 22:07:46.229000,com.google.android.youtube
2024-01-11 22:47:30.306000,com.google.android.apps.maps
2024-01-11 22:48:40.515000,com.whatsapp
2024-01-11 22:48:50.920000,com.samsung.android.messaging
2024-01-11 22:49:56.724000,com.sec.android.app.launcher
2024-01-11 22:50:03.594000,com.google.android.youtube
2024-01-11 23:09:05.939000,com.google.android.youtube
2024-01-11 23:09:05.939000,com.google.android.youtube
2024-01-11 23:45:06.194000,com.whatsapp
2024-01-11 23:45:33.513000,com.duolingo
2024-01-11 23:46:28.489000,com.google.android.youtube
2024-01-11 23:49:06.220000,com.google.android.youtube
2024-01-12 00:08:31.950000,com.samsung.android.messaging
2024-01-12 00:09:06.358000,com.google.android.youtube
2024-01-12 00:29:06.485000,com.google.android.youtube
2024-01-12 01:13:18.000000,com.sec.android.app.launcher
2024-01-12 01:13:40.731000,com.sec.android.app.clockpackage
2024-01-12 06:25:44.105000,com.sec.android.app.launcher
2024-01-12 06:26:14.384000,com.spotify.music
2024-01-12 06:38:50.008000,com.samsung.android.messaging
2024-01-12 06:42:08.902000,com.whatsapp
2024-01-12 06:42:21.394000,com.samsung.android.app.notes
2024-01-12 06:42:33.151000,com.sec.android.app.launcher
2024-01-12 06:42:55.969000,com.whatsapp
2024-01-12 06:43:12.472000,android
2024-01-12 06:43:25.390000,com.google.android.documentsui
2024-01-12 06:43:35.490000,com.google.android.gm
2024-01-12 06:43:49.027000,com.sec.android.app.launcher
2024-01-12 06:43:59.104000,com.whatsapp
2024-01-12 06:46:11.376000,com.sec.android.app.launcher
2024-01-12 06:46:17.214000,com.spotify.music
2024-01-12 07:05:37.885000,com.samsung.android.app.notes
2024-01-12 07:09:10.819000,com.sec.android.app.launcher
2024-01-12 07:09:22.973000,com.jcdecaux.vls.ljubljana
2024-01-12 07:10:00.261000,com.sec.android.app.launcher
2024-01-12 07:10:36.080000,com.samsung.android.app.notes
2024-01-12 07:10:59.038000,com.jcdecaux.vls.ljubljana
2024-01-12 07:13:36.389000,com.spotify.music
2024-01-12 07:49:36.969000,com.google.android.youtube
2024-01-12 07:49:53.179000,com.spotify.music
2024-01-12 07:50:00.217000,com.google.android.youtube
2024-01-12 07:55:15.631000,com.quizlet.quizletandroid
2024-01-12 07:57:01.469000,com.sec.android.app.launcher
2024-01-12 07:57:08.084000,com.sec.android.app.clockpackage
2024-01-12 07:57:19.872000,com.sec.android.app.clockpackage
2024-01-12 08:28:04.575000,com.sec.android.app.sbrowser
2024-01-12 08:50:49.381000,com.samsung.android.app.notes
2024-01-12 08:51:20.152000,com.sec.android.app.launcher
2024-01-12 08:51:20.152000,com.sec.android.app.launcher
2024-01-12 09:40:59.323000,com.google.android.gm
2024-01-12 09:41:06.158000,com.sec.android.app.launcher
2024-01-12 09:45:36.852000,com.quizlet.quizletandroid
2024-01-12 09:57:56.004000,com.microsoft.office.outlook
2024-01-12 09:58:31.445000,com.quizlet.quizletandroid
2024-01-12 10:11:52.036000,com.sec.android.app.sbrowser
2024-01-12 10:12:16.635000,com.sec.android.app.sbrowser
2024-01-12 10:38:08.855000,com.sec.android.app.launcher
2024-01-12 10:38:19.434000,com.samsung.android.app.notes
2024-01-12 10:41:00.226000,com.sec.android.app.launcher
2024-01-12 10:41:19.623000,com.spotify.music
2024-01-12 10:44:57.658000,com.jcdecaux.vls.ljubljana
2024-01-12 10:53:09.046000,com.sec.android.app.launcher
2024-01-12 10:54:07.319000,com.duolingo
2024-01-12 10:55:45.963000,com.sec.android.app.launcher
2024-01-12 10:56:32.390000,com.margento.studentskaprehrana
2024-01-12 10:59:16.337000,com.android.settings
2024-01-12 10:59:28.698000,com.sec.android.app.sbrowser
2024-01-12 11:01:31.510000,com.samsung.android.incallui
2024-01-12 11:01:54.216000,com.sec.android.app.launcher
2024-01-12 11:02:07.429000,com.google.android.youtube
2024-01-12 11:03:57.764000,com.sec.android.app.launcher
2024-01-12 11:04:15.048000,com.spotify.music
2024-01-12 11:04:52.769000,com.sec.android.app.sbrowser
2024-01-12 11:05:23.335000,com.samsung.android.incallui
2024-01-12 11:08:18.511000,com.sec.android.app.launcher
2024-01-12 11:08:56.665000,com.sec.android.app.sbrowser
2024-01-12 11:09:44.174000,com.spotify.music
2024-01-12 11:10:10.540000,com.sec.android.app.launcher
2024-01-12 11:10:49.769000,com.spotify.music
2024-01-12 11:13:47.500000,com.google.android.youtube
2024-01-12 11:16:24.448000,com.samsung.android.messaging
2024-01-12 11:20:25.956000,com.sec.android.app.launcher
2024-01-12 11:20:28.116000,com.google.android.youtube
2024-01-12 11:28:34.313000,com.google.android.youtube
2024-01-12 11:41:29.228000,com.spotify.music
2024-01-12 11:51:00.253000,com.google.android.youtube
2024-01-12 12:34:36.987000,com.samsung.android.incallui
2024-01-12 12:38:18.858000,com.sec.android.app.launcher
2024-01-12 12:38:31.287000,com.google.android.youtube
2024-01-12 13:43:54.713000,com.samsung.android.incallui
2024-01-12 13:47:01.094000,com.sec.android.app.launcher
2024-01-12 13:47:26.025000,com.samsung.android.dialer
2024-01-12 13:47:33.142000,com.samsung.android.incallui
2024-01-12 13:48:44.305000,com.samsung.android.dialer
2024-01-12 13:48:52.888000,com.sec.android.app.launcher
2024-01-12 13:49:20.756000,com.sec.android.app.sbrowser
2024-01-12 13:54:06.183000,com.sec.android.app.sbrowser
2024-01-12 14:02:26.594000,com.sec.android.app.launcher
2024-01-12 14:02:53.416000,com.samsung.android.messaging
2024-01-12 14:05:18.526000,com.sec.android.app.sbrowser
2024-01-12 14:05:35.994000,com.sec.android.app.launcher
2024-01-12 14:10:43.242000,com.sec.android.app.sbrowser
2024-01-12 14:21:54.910000,com.pinterest
2024-01-12 14:36:19.371000,com.google.android.youtube
2024-01-12 15:18:13.324000,com.sec.android.app.launcher
2024-01-12 15:34:21.301000,com.samsung.android.incallui
2024-01-12 15:35:24.646000,com.sec.android.app.launcher
2024-01-12 15:46:23.480000,com.samsung.android.incallui
2024-01-12 15:47:46.321000,com.samsung.android.dialer
2024-01-12 15:53:48.098000,com.samsung.android.incallui
2024-01-12 15:56:55.468000,com.samsung.android.dialer
2024-01-12 15:57:01.948000,com.google.android.youtube
2024-01-12 16:07:55.439000,com.sec.android.app.launcher
2024-01-12 16:07:59.985000,com.sec.android.app.clockpackage
2024-01-12 16:08:21.054000,com.google.android.youtube
2024-01-12 16:51:31.231000,com.sec.android.app.launcher
2024-01-12 17:00:30.157000,com.sec.android.app.launcher
