2023-12-14 13:46:39.876000,com.huawei.filemanager
2023-12-14 13:47:02.110000,com.jcdecaux.vls.ljubljana
2023-12-14 13:47:29.446000,com.snapchat.android
2023-12-14 13:48:17.855000,com.example.android.notepad
2023-12-14 13:50:20.659000,com.huawei.filemanager
2023-12-14 13:50:29.384000,com.google.android.apps.docs.editors.sheets
2023-12-14 13:50:39.564000,com.huawei.android.launcher
2023-12-14 13:51:17.094000,com.google.android.apps.docs.editors.sheets
2023-12-14 13:51:17.094000,com.google.android.apps.docs.editors.sheets
2023-12-14 13:51:34.866000,com.facebook.orca
2023-12-14 13:51:45.487000,com.instagram.android
2023-12-14 13:54:26.441000,com.huawei.android.launcher
2023-12-14 13:56:45.219000,com.instagram.android
2023-12-14 13:59:59.103000,com.huawei.iconnect
2023-12-14 14:00:00.926000,com.instagram.android
2023-12-14 14:00:47.746000,com.google.android.youtube
2023-12-14 14:11:14.953000,com.jcdecaux.vls.ljubljana
2023-12-14 14:11:40.580000,com.huawei.android.launcher
2023-12-14 14:25:27.524000,com.android.gallery3d
2023-12-14 14:25:39.959000,com.google.android.youtube
2023-12-14 14:30:43.529000,com.snapchat.android
2023-12-14 14:31:15.063000,com.google.android.apps.docs.editors.sheets
2023-12-14 14:31:28.441000,com.google.android.youtube
2023-12-14 14:40:31.643000,com.snapchat.android
2023-12-14 14:42:12.271000,com.google.android.youtube
2023-12-14 15:01:18.071000,com.snapchat.android
2023-12-14 15:04:50.171000,com.instagram.android
2023-12-14 15:09:57.704000,com.snapchat.android
2023-12-14 15:10:18.765000,com.instagram.android
2023-12-14 15:14:26.458000,com.huawei.android.internal.app
2023-12-14 15:14:42.394000,com.google.android.youtube
2023-12-14 15:14:42.394000,com.google.android.youtube
2023-12-14 15:24:41.892000,com.snapchat.android
2023-12-14 15:25:55.574000,com.google.android.youtube
2023-12-14 15:44:19.423000,com.snapchat.android
2023-12-14 15:45:41.406000,com.huawei.android.launcher
2023-12-14 15:45:43.476000,com.instagram.android
2023-12-14 16:23:56.857000,com.android.deskclock
2023-12-14 17:15:28.114000,org.thoughtcrime.securesms
2023-12-14 17:15:41.955000,com.linkedin.android
2023-12-14 17:16:05.658000,com.snapchat.android
2023-12-14 17:16:47.371000,com.instagram.android
2023-12-14 17:27:51.505000,com.snapchat.android
2023-12-14 17:34:51.564000,com.instagram.android
2023-12-14 17:38:11.107000,com.snapchat.android
2023-12-14 17:38:44.794000,com.facebook.orca
2023-12-14 17:38:50.071000,com.snapchat.android
2023-12-14 17:42:47.729000,com.ecosia.android
2023-12-14 17:44:01.241000,com.whatsapp
2023-12-14 17:44:36.224000,com.facebook.orca
2023-12-14 17:44:49.181000,com.snapchat.android
2023-12-14 17:46:11.774000,com.instagram.android
2023-12-14 17:58:20.303000,com.snapchat.android
2023-12-14 17:58:51.508000,com.instagram.android
2023-12-14 18:04:03.892000,com.whatsapp
2023-12-14 18:04:45.404000,com.google.android.apps.docs.editors.sheets
2023-12-14 18:04:56.988000,com.instagram.android
2023-12-14 18:06:03.189000,com.huawei.android.launcher
2023-12-14 18:06:06.966000,com.instagram.android
2023-12-14 18:07:23.894000,com.whatsapp
2023-12-14 18:08:00.664000,com.instagram.android
2023-12-14 18:08:17.549000,com.snapchat.android
2023-12-14 18:09:47.903000,com.whatsapp
2023-12-14 18:11:43.827000,com.huawei.android.launcher
2023-12-14 18:13:50.915000,com.bereal.ft
2023-12-14 18:13:50.915000,com.bereal.ft
2023-12-14 18:19:48.197000,com.whatsapp
2023-12-14 18:20:00.494000,com.instagram.android
2023-12-14 18:34:12.170000,com.snapchat.android
2023-12-14 18:35:00.033000,com.instagram.android
2023-12-14 18:35:59.646000,com.snapchat.android
2023-12-14 18:45:52.065000,deezer.android.app
2023-12-14 18:48:04.457000,com.snapchat.android
2023-12-14 18:55:05.922000,com.instagram.android
2023-12-14 19:04:32.437000,com.huawei.android.launcher
2023-12-14 19:08:19.030000,com.snapchat.android
2023-12-14 19:08:59.528000,com.instagram.android
2023-12-14 19:13:29.539000,com.google.android.youtube
2023-12-14 19:44:02.114000,com.snapchat.android
2023-12-14 20:02:17.435000,com.android.settings
2023-12-14 20:02:33.706000,com.snapchat.android
2023-12-14 21:15:47.700000,com.whatsapp
2023-12-14 21:16:28.472000,com.crater.bbtan
2023-12-14 21:19:48.765000,com.bereal.ft
2023-12-14 21:20:19.056000,com.example.android.notepad
2023-12-14 21:20:22.906000,com.huawei.android.launcher
2023-12-14 22:02:02.981000,com.whatsapp
2023-12-14 22:02:13.564000,com.huawei.android.launcher
2023-12-14 22:05:52.518000,com.instagram.android
2023-12-14 22:05:58.066000,com.huawei.android.launcher
2023-12-14 22:33:29.629000,com.snapchat.android
2023-12-14 22:37:59.914000,com.bereal.ft
2023-12-14 22:38:38.375000,com.snapchat.android
2023-12-14 22:42:37.308000,com.crater.bbtan
2023-12-14 22:45:55.065000,com.snapchat.android
2023-12-14 22:49:54.115000,com.huawei.android.launcher
2023-12-14 22:51:57.250000,com.whatsapp
2023-12-14 22:52:19.740000,com.snapchat.android
2023-12-14 23:05:49.588000,com.android.deskclock
2023-12-14 23:06:38.655000,org.thoughtcrime.securesms
2023-12-14 23:07:03.420000,com.snapchat.android
2023-12-14 23:08:35.216000,com.discord
2023-12-14 23:09:04.562000,com.instagram.android
2023-12-14 23:14:03.674000,com.snapchat.android
2023-12-14 23:15:20.644000,com.whatsapp
2023-12-14 23:15:29.065000,com.instagram.android
2023-12-14 23:21:48.213000,com.snapchat.android
2023-12-14 23:23:54.180000,com.bereal.ft
2023-12-14 23:24:08.947000,com.huawei.android.launcher
2023-12-14 23:26:16.007000,com.instagram.android
2023-12-14 23:34:08.649000,com.snapchat.android
2023-12-14 23:34:12.530000,com.instagram.android
2023-12-14 23:44:37.972000,com.huawei.android.launcher
1970-01-01 01:00:00.000000,com.android.deskclock
1970-01-01 01:00:00.000000,com.huawei.lbs
1970-01-01 01:00:00.000000,com.android.providers.contacts
1970-01-01 01:00:00.000000,com.huawei.hiaction
1970-01-01 01:00:00.000000,com.snapchat.android
2023-12-15 09:01:02.734000,com.android.deskclock
2023-12-15 09:21:55.077000,com.huawei.android.launcher
2023-12-15 09:22:33.671000,com.discord
2023-12-15 09:23:04.814000,com.whatsapp
2023-12-15 09:23:44.782000,com.snapchat.android
2023-12-15 09:27:42.226000,com.facebook.orca
2023-12-15 09:28:56.556000,com.instagram.android
2023-12-15 09:37:25.277000,com.snapchat.android
2023-12-15 09:37:57.613000,com.android.deskclock
2023-12-15 10:01:39.671000,com.whatsapp
2023-12-15 10:02:21.181000,com.discord
2023-12-15 10:04:10.009000,com.whatsapp
2023-12-15 10:04:22.617000,com.discord
2023-12-15 10:05:23.822000,com.whatsapp
2023-12-15 10:07:18.906000,com.instagram.android
2023-12-15 10:25:20.949000,com.whatsapp
2023-12-15 10:25:38.568000,com.ecosia.android
2023-12-15 10:27:08.568000,com.discord
2023-12-15 10:27:37.234000,com.instagram.android
2023-12-15 10:31:10.476000,com.huawei.android.launcher
2023-12-15 10:38:42.839000,com.discord
2023-12-15 10:38:53.338000,com.google.android.youtube
2023-12-15 10:38:53.338000,com.google.android.youtube
2023-12-15 10:43:21.277000,com.snapchat.android
2023-12-15 10:43:41.426000,com.discord
2023-12-15 10:44:10.072000,com.whatsapp
2023-12-15 10:44:26.911000,com.ecosia.android
2023-12-15 10:44:56.413000,com.instagram.android
2023-12-15 10:44:58.785000,com.discord
2023-12-15 10:45:26.243000,com.ecosia.android
2023-12-15 10:47:05.267000,com.discord
2023-12-15 10:47:40.129000,com.instagram.android
2023-12-15 10:51:17.821000,com.discord
2023-12-15 10:51:40.059000,com.huawei.android.launcher
2023-12-15 10:53:28.120000,com.ecosia.android
2023-12-15 10:57:18.964000,com.discord
2023-12-15 10:57:45.609000,com.huawei.android.launcher
2023-12-15 10:58:31.680000,com.whatsapp
2023-12-15 10:59:35.952000,com.huawei.android.launcher
2023-12-15 11:09:31.298000,org.thoughtcrime.securesms
2023-12-15 11:09:55.769000,com.huawei.android.launcher
2023-12-15 11:11:21.894000,com.discord
2023-12-15 11:11:58.643000,com.huawei.android.launcher
2023-12-15 11:15:12.702000,org.thoughtcrime.securesms
2023-12-15 11:16:15.923000,com.huawei.android.launcher
2023-12-15 11:20:42.901000,org.thoughtcrime.securesms
2023-12-15 11:23:04.553000,com.huawei.android.launcher
2023-12-15 11:28:32.528000,com.example.android.notepad
2023-12-15 11:28:54.119000,com.instagram.android
2023-12-15 11:29:39.182000,org.thoughtcrime.securesms
2023-12-15 11:29:59.735000,com.google.android.gm
2023-12-15 11:32:04.561000,com.huawei.android.launcher
2023-12-15 11:33:51.869000,com.instagram.android
2023-12-15 11:53:52.690000,com.huawei.android.launcher
2023-12-15 11:54:18.820000,com.example.android.notepad
2023-12-15 11:55:11.398000,com.snapchat.android
2023-12-15 11:55:11.398000,com.snapchat.android
2023-12-15 11:59:41.531000,com.discord
2023-12-15 11:59:51.546000,com.huawei.android.launcher
2023-12-15 12:02:56.130000,com.snapchat.android
2023-12-15 12:03:23.531000,com.instagram.android
2023-12-15 12:03:46.084000,com.huawei.android.launcher
2023-12-15 12:05:53.389000,com.snapchat.android
2023-12-15 12:14:27.352000,com.huawei.android.launcher
2023-12-15 12:16:51.078000,com.whatsapp
2023-12-15 12:19:13.557000,com.huawei.android.launcher
2023-12-15 12:21:17.389000,com.ecosia.android
2023-12-15 12:22:12.819000,com.margento.studentskaprehrana
2023-12-15 12:22:24.094000,com.google.android.googlequicksearchbox
2023-12-15 12:23:46.992000,com.huawei.android.launcher
2023-12-15 12:24:37.739000,com.whatsapp
2023-12-15 12:26:39.094000,com.huawei.android.launcher
2023-12-15 12:28:42.104000,com.ecosia.android
2023-12-15 12:28:56.044000,com.google.android.apps.maps
2023-12-15 12:29:36.083000,com.ecosia.android
2023-12-15 12:30:12.511000,com.facebook.orca
2023-12-15 12:31:18.207000,com.huawei.android.launcher
2023-12-15 12:35:49.926000,com.google.android.apps.docs.editors.sheets
2023-12-15 12:36:03.439000,com.huawei.android.launcher
2023-12-15 12:52:41.107000,com.facebook.orca
2023-12-15 12:53:32.865000,com.huawei.android.launcher
2023-12-15 12:56:51.994000,com.google.android.gms
2023-12-15 12:57:20.972000,com.margento.studentskaprehrana
2023-12-15 12:57:49.050000,com.instagram.android
2023-12-15 12:58:24.431000,com.margento.studentskaprehrana
2023-12-15 12:58:52.033000,com.instagram.android
2023-12-15 12:59:27.425000,com.snapchat.android
2023-12-15 13:06:59.163000,com.whatsapp
2023-12-15 13:07:38.717000,com.snapchat.android
2023-12-15 13:15:20.238000,com.facebook.orca
2023-12-15 13:15:52.476000,com.instagram.android
2023-12-15 13:30:29.286000,com.snapchat.android
2023-12-15 13:32:47.384000,org.thoughtcrime.securesms
2023-12-15 13:33:58.951000,com.instagram.android
2023-12-15 14:28:30.552000,com.discord
2023-12-15 14:28:55.510000,com.huawei.android.launcher
2023-12-15 14:48:08.543000,com.discord
2023-12-15 14:48:46.977000,com.bereal.ft
2023-12-15 14:49:23.943000,com.snapchat.android
2023-12-15 14:50:55.412000,com.example.android.notepad
2023-12-15 14:51:22.829000,com.snapchat.android
2023-12-15 14:53:53.494000,com.bereal.ft
2023-12-15 14:54:22.678000,com.snapchat.android
2023-12-15 14:56:03.000000,com.huawei.android.launcher
2023-12-15 14:57:05.104000,com.instagram.android
2023-12-15 15:07:43.543000,org.thoughtcrime.securesms
2023-12-15 15:10:44.818000,com.instagram.android
2023-12-15 21:53:58.771000,com.example.nextapp
2023-12-15 21:54:02.170000,com.instagram.android
2023-12-15 21:58:51.021000,com.huawei.android.launcher
2023-12-15 22:03:14.745000,com.instagram.android
2023-12-15 22:12:49.840000,com.huawei.android.launcher
2023-12-15 22:22:58.481000,com.android.gallery3d
2023-12-15 22:23:48.913000,com.huawei.android.launcher
2023-12-15 22:54:13.631000,com.android.gallery3d
2023-12-15 22:54:15.343000,com.bereal.ft
2023-12-15 22:54:34.002000,com.android.gallery3d
2023-12-15 22:55:15.196000,com.huawei.android.launcher
2023-12-15 23:06:38.587000,com.instagram.android
2023-12-15 23:11:23.766000,com.huawei.android.launcher
2023-12-15 23:18:50.773000,com.snapchat.android
2023-12-15 23:18:50.773000,com.snapchat.android
2023-12-15 23:28:32.847000,com.android.gallery3d
2023-12-15 23:28:40.866000,com.huawei.android.launcher
2023-12-16 00:05:30.658000,com.instagram.android
2023-12-16 00:16:20.706000,com.huawei.android.launcher
2023-12-16 00:21:42.748000,com.android.deskclock
2023-12-16 00:22:00.610000,com.huawei.android.launcher
2023-12-16 00:22:00.610000,com.huawei.android.launcher
2023-12-16 03:14:02.685000,com.snapchat.android
2023-12-16 03:18:00.624000,com.instagram.android
2023-12-16 03:31:48.751000,com.huawei.android.launcher
2023-12-16 09:01:11.004000,com.android.deskclock
2023-12-16 09:06:53.087000,com.snapchat.android
2023-12-16 09:08:25.784000,com.instagram.android
2023-12-16 09:09:08.762000,com.huawei.android.launcher
2023-12-16 09:35:01.550000,com.android.deskclock
2023-12-16 10:03:32.960000,com.huawei.android.launcher
2023-12-16 10:03:39.183000,com.discord
2023-12-16 10:04:23.005000,com.snapchat.android
2023-12-16 10:06:18.612000,org.thoughtcrime.securesms
2023-12-16 10:08:23.796000,com.discord
2023-12-16 10:08:46.892000,com.facebook.orca
2023-12-16 10:09:13.249000,com.discord
2023-12-16 10:10:07.713000,com.instagram.android
2023-12-16 10:14:59.280000,com.discord
2023-12-16 10:16:00.847000,com.whatsapp
2023-12-16 10:16:14.267000,com.facebook.orca
2023-12-16 10:16:33.022000,com.discord
2023-12-16 10:17:16.873000,com.huawei.android.launcher
2023-12-16 10:17:50.244000,com.example.android.notepad
2023-12-16 10:18:24.196000,com.facebook.orca
2023-12-16 10:19:00.611000,com.huawei.android.launcher
2023-12-16 10:21:09.706000,com.instagram.android
2023-12-16 10:21:37.778000,com.facebook.orca
2023-12-16 10:21:54.200000,com.huawei.android.launcher
2023-12-16 10:24:03.923000,com.facebook.orca
2023-12-16 10:24:41.267000,com.discord
2023-12-16 10:27:48.675000,com.whatsapp
2023-12-16 10:28:17.327000,com.discord
2023-12-16 10:28:35.291000,com.huawei.android.launcher
2023-12-16 10:28:37.847000,com.google.android.youtube
2023-12-16 10:37:19.171000,com.huawei.android.launcher
2023-12-16 10:37:19.893000,com.google.android.youtube
2023-12-16 10:41:47.124000,com.facebook.orca
2023-12-16 10:42:01.920000,com.google.android.youtube
2023-12-16 10:48:03.349000,com.facebook.orca
2023-12-16 10:49:44.599000,com.snapchat.android
2023-12-16 11:03:57.076000,com.whatsapp
2023-12-16 11:04:14.783000,com.facebook.orca
2023-12-16 11:05:53.196000,com.snapchat.android
2023-12-16 11:11:08.200000,com.huawei.android.launcher
2023-12-16 11:11:23.905000,com.margento.studentskaprehrana
2023-12-16 11:11:54.964000,com.snapchat.android
2023-12-16 11:12:54.531000,com.huawei.android.launcher
2023-12-16 11:13:39.750000,com.ecosia.android
2023-12-16 11:16:38.767000,com.whatsapp
2023-12-16 11:16:55.914000,com.ecosia.android
2023-12-16 11:17:58.031000,com.example.android.notepad
2023-12-16 11:18:47.385000,com.ecosia.android
2023-12-16 11:19:13.855000,com.waze
2023-12-16 11:24:01.774000,com.whatsapp
2023-12-16 11:25:30.126000,com.android.contacts
2023-12-16 11:26:16.362000,com.android.incallui
2023-12-16 11:26:31.503000,com.android.contacts
2023-12-16 11:26:47.688000,com.android.settings
2023-12-16 11:27:25.919000,com.huawei.dsdscardmanager
2023-12-16 11:27:47.274000,com.android.settings
2023-12-16 11:28:03.952000,com.huawei.dsdscardmanager
2023-12-16 11:28:47.441000,com.whatsapp
2023-12-16 11:30:41.094000,com.facebook.orca
2023-12-16 11:33:02.139000,com.margento.studentskaprehrana
2023-12-16 11:34:09.033000,com.facebook.orca
2023-12-16 11:34:40.057000,com.snapchat.android
2023-12-16 11:37:03.783000,com.facebook.orca
2023-12-16 11:38:22.181000,com.snapchat.android
2023-12-16 11:43:20.009000,com.margento.studentskaprehrana
2023-12-16 11:44:49.695000,com.facebook.orca
2023-12-16 11:45:25.151000,com.android.systemui
2023-12-16 11:45:41.061000,com.whatsapp
2023-12-16 11:46:49.811000,com.snapchat.android
2023-12-16 11:50:11.970000,com.whatsapp
2023-12-16 11:50:22.249000,com.snapchat.android
2023-12-16 11:50:40.293000,com.facebook.orca
2023-12-16 11:51:56.690000,com.whatsapp
2023-12-16 11:52:14.554000,com.adobe.reader
2023-12-16 11:52:35.960000,com.huawei.android.launcher
2023-12-16 11:54:54.496000,com.facebook.orca
2023-12-16 11:57:03.639000,com.margento.studentskaprehrana
2023-12-16 11:57:51.799000,com.google.android.apps.maps
2023-12-16 11:59:22.862000,com.huawei.android.launcher
2023-12-16 12:00:31.851000,com.whatsapp
2023-12-16 12:01:20.567000,com.bereal.ft
2023-12-16 12:01:33.787000,com.huawei.android.launcher
2023-12-16 12:07:16.806000,com.snapchat.android
2023-12-16 12:17:11.655000,com.google.android.googlequicksearchbox
2023-12-16 12:21:20.678000,com.whatsapp
2023-12-16 12:21:36.102000,org.thoughtcrime.securesms
2023-12-16 12:21:37.696000,com.crater.bbtan
2023-12-16 12:22:52.150000,com.android.settings
2023-12-16 12:23:01.859000,com.huawei.android.launcher
2023-12-16 12:26:04.143000,com.google.android.apps.maps
2023-12-16 12:26:45.010000,com.ecosia.android
2023-12-16 12:27:21.394000,com.huawei.android.launcher
2023-12-16 12:29:45.113000,com.google.android.googlequicksearchbox
2023-12-16 12:35:48.617000,com.snapchat.android
2023-12-16 12:36:23.577000,com.instagram.android
2023-12-16 12:38:33.764000,com.huawei.android.launcher
2023-12-16 12:48:52.669000,com.snapchat.android
2023-12-16 13:06:15.298000,com.google.android.apps.docs.editors.sheets
2023-12-16 13:06:46.428000,com.huawei.android.launcher
2023-12-16 13:18:22.935000,com.margento.studentskaprehrana
2023-12-16 13:20:32.543000,com.snapchat.android
2023-12-16 13:22:55.317000,com.ecosia.android
2023-12-16 13:24:28.877000,com.snapchat.android
2023-12-16 13:32:06.651000,com.ecosia.android
2023-12-16 13:40:43.593000,com.snapchat.android
2023-12-16 13:41:26.842000,com.discord
2023-12-16 13:42:00.519000,com.whatsapp
2023-12-16 13:42:26.377000,com.huawei.android.launcher
2023-12-16 13:43:10.823000,com.whatsapp
2023-12-16 13:45:53.632000,com.huawei.android.launcher
2023-12-16 14:05:52.235000,com.whatsapp
2023-12-16 14:06:36.977000,com.huawei.android.launcher
2023-12-16 14:13:14.402000,com.snapchat.android
2023-12-16 14:18:40.586000,com.google.android.youtube
2023-12-16 14:41:41.635000,com.crater.bbtan
2023-12-16 14:43:44.092000,com.whatsapp
2023-12-16 14:44:27.324000,com.crater.bbtan
2023-12-16 14:47:04.022000,com.crater.bbtan
2023-12-16 14:50:39.852000,cc.forestapp
2023-12-16 14:58:20.380000,deezer.android.app
2023-12-16 15:01:18.859000,cc.forestapp
2023-12-16 15:16:09.912000,com.snapchat.android
2023-12-16 15:17:21.130000,cc.forestapp
2023-12-16 15:23:44.821000,com.whatsapp
2023-12-16 15:24:08.514000,org.thoughtcrime.securesms
2023-12-16 15:24:21.289000,com.huawei.android.launcher
2023-12-16 15:28:40.627000,org.thoughtcrime.securesms
2023-12-16 15:28:51.376000,com.huawei.android.launcher
2023-12-16 15:37:05.238000,org.thoughtcrime.securesms
2023-12-16 15:37:51.133000,cc.forestapp
2023-12-16 15:38:27.265000,org.thoughtcrime.securesms
2023-12-16 15:38:46.468000,cc.forestapp
2023-12-16 15:43:19.918000,org.thoughtcrime.securesms
2023-12-16 15:43:51.903000,com.huawei.android.launcher
2023-12-16 15:46:46.364000,org.thoughtcrime.securesms
2023-12-16 15:47:21.667000,com.huawei.android.launcher
2023-12-16 15:57:20.816000,com.whatsapp
2023-12-16 15:59:12.400000,com.huawei.android.launcher
2023-12-16 16:00:41.541000,com.snapchat.android
2023-12-16 16:01:47.684000,com.bereal.ft
2023-12-16 16:03:32.701000,com.whatsapp
2023-12-16 16:04:17.493000,com.huawei.android.launcher
2023-12-16 16:07:39.356000,com.snapchat.android
2023-12-16 16:11:22.736000,com.snapchat.android
2023-12-16 16:11:30.973000,com.huawei.android.launcher
2023-12-16 16:21:16.538000,com.snapchat.android
2023-12-16 16:23:37.985000,com.huawei.android.launcher
2023-12-16 16:26:58.684000,com.instagram.android
2023-12-16 16:31:24.768000,com.snapchat.android
2023-12-16 16:31:48.890000,com.crater.bbtan
2023-12-16 16:32:05.546000,com.android.gallery3d
2023-12-16 16:33:55.345000,com.whatsapp
2023-12-16 16:35:51.898000,com.huawei.android.launcher
2023-12-16 16:36:06.574000,com.google.android.youtube
2023-12-16 16:42:45.091000,com.snapchat.android
2023-12-16 16:44:59.211000,com.google.android.youtube
2023-12-16 16:51:50.954000,com.snapchat.android
2023-12-16 16:52:02.517000,com.google.android.youtube
2023-12-16 16:55:20.623000,com.whatsapp
2023-12-16 16:56:04.936000,com.huawei.android.launcher
2023-12-16 16:59:08.917000,com.whatsapp
2023-12-16 16:59:28.249000,com.ecosia.android
2023-12-16 16:59:36.733000,com.discord
2023-12-16 16:59:46.252000,com.huawei.android.launcher
2023-12-16 17:03:29.392000,com.whatsapp
2023-12-16 17:19:25.726000,com.huawei.android.launcher
2023-12-16 17:19:30.099000,com.google.android.googlequicksearchbox
2023-12-16 17:20:14.864000,com.huawei.android.launcher
2023-12-16 17:28:03.288000,com.google.android.googlequicksearchbox
2023-12-16 17:29:36.079000,com.huawei.android.launcher
2023-12-16 17:59:41.375000,com.android.deskclock
2023-12-16 18:06:15.940000,com.whatsapp
2023-12-16 18:07:17.923000,com.huawei.android.launcher
2023-12-16 18:10:24.460000,com.android.deskclock
2023-12-16 18:18:27.420000,com.huawei.calculator
2023-12-16 18:19:43.231000,com.huawei.android.launcher
2023-12-16 18:35:10.921000,com.snapchat.android
2023-12-16 18:37:32.940000,com.discord
2023-12-16 18:39:07.508000,com.whatsapp
2023-12-16 18:40:23.691000,com.instagram.android
2023-12-16 18:48:06.421000,com.android.gallery3d
2023-12-16 18:49:06.740000,com.huawei.android.launcher
2023-12-16 19:09:01.242000,com.whatsapp
2023-12-16 19:09:36.735000,com.huawei.android.launcher
2023-12-16 19:09:45.495000,com.whatsapp
2023-12-16 19:10:37.223000,com.android.gallery3d
2023-12-16 19:10:44.546000,com.huawei.android.launcher
2023-12-16 19:12:54.144000,com.whatsapp
2023-12-16 19:25:41.695000,com.discord
2023-12-16 19:28:50.264000,com.snapchat.android
2023-12-16 19:29:54.535000,com.huawei.android.launcher
2023-12-16 19:48:53.372000,com.snapchat.android
2023-12-16 19:50:23.477000,com.bereal.ft
2023-12-16 19:52:01.069000,com.bereal.ft
2023-12-16 19:53:23.689000,com.instagram.android
2023-12-16 19:58:54.270000,com.huawei.android.launcher
2023-12-16 20:03:53.317000,com.snapchat.android
2023-12-16 20:04:11.688000,com.crater.bbtan
2023-12-16 20:05:48.539000,com.huawei.android.launcher
2023-12-16 20:30:08.156000,com.snapchat.android
2023-12-16 20:32:13.941000,com.huawei.android.launcher
2023-12-16 20:44:13.511000,com.discord
2023-12-16 20:44:37.266000,com.huawei.android.launcher
2023-12-16 20:52:18.881000,com.example.nextapp
2023-12-16 20:52:30.892000,com.huawei.android.launcher
2023-12-16 21:02:41.818000,com.snapchat.android
2023-12-16 21:06:48.841000,com.huawei.android.launcher
2023-12-16 21:28:59.649000,org.thoughtcrime.securesms
2023-12-16 21:29:10.129000,com.crater.bbtan
2023-12-16 21:35:23.116000,com.huawei.android.launcher
2023-12-16 21:44:48.989000,com.snapchat.android
2023-12-16 21:48:11.899000,com.instagram.android
2023-12-16 21:50:34.690000,com.ecosia.android
2023-12-16 21:51:25.662000,com.instagram.android
2023-12-16 21:54:58.638000,com.huawei.android.launcher
2023-12-16 22:46:44.839000,com.snapchat.android
2023-12-16 22:51:01.603000,com.instagram.android
2023-12-16 22:55:09.008000,deezer.android.app
2023-12-16 22:55:33.838000,org.thoughtcrime.securesms
2023-12-16 22:55:40.790000,com.huawei.android.launcher
2023-12-16 23:23:01.538000,com.crater.bbtan
2023-12-16 23:25:45.439000,com.crater.bbtan
2023-12-16 23:33:35.408000,com.huawei.android.launcher
2023-12-16 23:33:43.530000,com.android.deskclock
2023-12-16 23:48:18.069000,com.crater.bbtan
2023-12-16 23:54:03.516000,com.huawei.android.launcher
2023-12-16 23:55:41.215000,com.instagram.android
2023-12-17 00:55:21.929000,com.snapchat.android
2023-12-17 00:55:46.921000,com.huawei.android.launcher
2023-12-17 01:16:20.996000,com.huawei.camera
2023-12-17 01:16:49.551000,com.huawei.android.launcher
2023-12-17 01:16:49.551000,com.huawei.android.launcher
2023-12-17 09:35:02.108000,com.android.deskclock
2023-12-17 09:56:00.840000,com.huawei.android.launcher
2023-12-17 09:56:26.304000,com.whatsapp
2023-12-17 09:58:24.620000,com.example.nextapp
2023-12-17 09:58:27.218000,com.snapchat.android
2023-12-17 10:00:14.955000,com.discord
2023-12-17 10:01:11.297000,com.google.android.youtube
2023-12-17 10:03:38.264000,com.discord
2023-12-17 10:04:30.163000,com.snapchat.android
2023-12-17 10:05:11.447000,com.discord
2023-12-17 10:05:30.966000,com.snapchat.android
2023-12-17 10:07:53.298000,com.instagram.android
2023-12-17 10:41:15.427000,com.huawei.android.launcher
2023-12-17 10:49:50.695000,com.google.android.youtube
2023-12-17 11:13:51.476000,com.facebook.orca
2023-12-17 11:14:32.529000,com.whatsapp
2023-12-17 11:15:08.073000,com.lydia
2023-12-17 11:16:17.871000,com.huawei.android.launcher
2023-12-17 11:16:19.685000,com.crater.bbtan
2023-12-17 11:23:59.260000,com.huawei.android.launcher
2023-12-17 11:43:45.640000,com.instagram.android
2023-12-17 12:03:33.728000,com.facebook.orca
2023-12-17 12:03:49.156000,com.huawei.android.launcher
2023-12-17 12:06:42.103000,com.facebook.orca
2023-12-17 12:07:14.577000,com.whatsapp
2023-12-17 12:08:00.783000,com.huawei.android.launcher
2023-12-17 12:09:58.981000,com.facebook.orca
2023-12-17 12:10:50.115000,com.huawei.android.launcher
2023-12-17 12:12:41.225000,com.whatsapp
2023-12-17 12:13:57.421000,com.huawei.android.launcher
2023-12-17 12:16:35.606000,com.whatsapp
2023-12-17 12:16:54.475000,com.huawei.android.launcher
2023-12-17 12:27:32.728000,com.snapchat.android
2023-12-17 12:27:53.748000,com.ecosia.android
2023-12-17 12:29:41.365000,com.huawei.iconnect
2023-12-17 12:29:53.452000,com.huawei.android.launcher
2023-12-17 12:31:13.897000,com.google.android.youtube
2023-12-17 12:50:08.819000,com.snapchat.android
2023-12-17 12:57:00.776000,com.google.android.youtube
2023-12-17 13:23:51.574000,com.huawei.android.launcher
2023-12-17 13:24:01.279000,com.ecosia.android
2023-12-17 13:24:34.626000,com.google.android.youtube
2023-12-17 13:30:28.719000,com.snapchat.android
2023-12-17 13:34:53.709000,com.huawei.android.launcher
2023-12-17 13:43:20.009000,com.google.android.youtube
2023-12-17 13:46:34.379000,com.ecosia.android
2023-12-17 13:46:59.630000,com.snapchat.android
2023-12-17 13:52:17.736000,com.huawei.android.launcher
2023-12-17 13:52:34.074000,com.google.android.youtube
2023-12-17 14:04:41.777000,com.google.android.youtube
2023-12-17 14:06:50.557000,com.huawei.android.launcher
2023-12-17 14:07:01.943000,com.discord
2023-12-17 14:07:48.451000,com.huawei.android.launcher
2023-12-17 14:09:22.261000,com.android.deskclock
2023-12-17 14:09:36.037000,com.huawei.android.launcher
2023-12-17 14:12:26.701000,com.whatsapp
2023-12-17 14:13:18.610000,com.huawei.android.launcher
2023-12-17 14:16:58.310000,com.android.deskclock
2023-12-17 14:33:23.064000,com.snapchat.android
2023-12-17 14:35:02.607000,com.huawei.android.launcher
2023-12-17 14:48:28.340000,com.instagram.android
2023-12-17 14:56:33.475000,com.huawei.android.launcher
2023-12-17 15:05:15.954000,com.snapchat.android
2023-12-17 15:16:44.334000,com.whatsapp
2023-12-17 15:17:11.099000,com.instagram.android
2023-12-17 15:25:34.843000,com.whatsapp
2023-12-17 15:25:39.230000,com.huawei.android.launcher
2023-12-17 16:06:34.875000,com.facebook.orca
2023-12-17 16:07:02.020000,com.huawei.android.launcher
2023-12-17 16:18:05.835000,com.snapchat.android
2023-12-17 16:18:40.307000,com.instagram.android
2023-12-17 16:28:41.503000,deezer.android.app
2023-12-17 16:29:31.583000,com.huawei.android.launcher
2023-12-17 16:39:51.181000,com.google.android.youtube
2023-12-17 16:39:51.181000,com.google.android.youtube
2023-12-17 16:50:48.532000,com.facebook.orca
2023-12-17 16:51:20.850000,com.huawei.android.launcher
2023-12-17 16:54:06.254000,com.snapchat.android
2023-12-17 16:54:21.364000,com.google.android.youtube
2023-12-17 17:15:17.125000,com.snapchat.android
2023-12-17 17:15:26.565000,com.google.android.youtube
2023-12-17 17:21:54.998000,com.snapchat.android
2023-12-17 17:25:20.078000,com.bereal.ft
2023-12-17 17:25:32.681000,com.huawei.android.launcher
2023-12-17 17:26:10.010000,com.snapchat.android
2023-12-17 17:26:16.641000,com.huawei.android.launcher
2023-12-17 17:37:24.576000,com.discord
2023-12-17 17:37:58.047000,com.huawei.android.launcher
2023-12-17 17:43:41.366000,com.snapchat.android
2023-12-17 17:51:51.999000,com.crater.bbtan
2023-12-17 17:53:47.334000,com.huawei.android.launcher
2023-12-17 17:56:12.358000,com.crater.bbtan
2023-12-17 17:56:55.544000,com.snapchat.android
2023-12-17 18:19:53.940000,com.whatsapp
2023-12-17 18:20:15.698000,com.snapchat.android
2023-12-17 18:47:00.206000,com.bereal.ft
2023-12-17 18:47:29.547000,com.snapchat.android
2023-12-17 18:47:43.815000,com.bereal.ft
2023-12-17 18:48:19.328000,com.snapchat.android
2023-12-17 18:51:05.125000,com.crater.bbtan
2023-12-17 18:51:22.363000,com.huawei.android.launcher
2023-12-17 19:00:22.625000,com.tribab.tricount.android
2023-12-17 19:06:30.144000,com.snapchat.android
2023-12-17 19:10:57.809000,com.huawei.android.launcher
2023-12-17 19:23:42.209000,com.snapchat.android
2023-12-17 19:24:05.116000,com.huawei.android.launcher
2023-12-17 19:25:43.414000,com.ecosia.android
2023-12-17 19:26:23.777000,com.huawei.android.launcher
2023-12-17 19:31:18.980000,com.bereal.ft
2023-12-17 19:31:38.765000,com.snapchat.android
2023-12-17 19:32:31.069000,com.huawei.camera
2023-12-17 19:40:21.069000,com.snapchat.android
2023-12-17 19:40:41.820000,com.huawei.android.launcher
2023-12-17 19:44:17.734000,com.whatsapp
2023-12-17 19:45:00.128000,com.huawei.android.launcher
2023-12-17 19:45:26.763000,com.instagram.android
2023-12-17 19:57:19.552000,com.bereal.ft
2023-12-17 19:57:24.589000,com.snapchat.android
2023-12-17 19:58:56.940000,com.instagram.android
2023-12-17 20:00:46.159000,com.huawei.android.launcher
2023-12-17 20:07:16.496000,com.huawei.camera
2023-12-17 20:08:13.127000,com.bereal.ft
2023-12-17 20:09:06.517000,com.huawei.filemanager
2023-12-17 20:09:15.816000,com.example.nextapp
2023-12-17 23:08:42.965000,com.example.nextapp
2023-12-17 23:08:47.511000,com.whatsapp
2023-12-17 23:09:23.590000,com.instagram.android
2023-12-17 23:15:21.354000,com.whatsapp
2023-12-17 23:15:50.066000,com.huawei.android.launcher
2023-12-17 23:18:23.172000,com.crater.bbtan
2023-12-17 23:19:26.580000,com.discord
2023-12-17 23:20:30.379000,com.huawei.android.launcher
2023-12-17 23:26:32.911000,com.snapchat.android
2023-12-17 23:34:54.766000,com.huawei.android.launcher
2023-12-17 23:36:47.705000,com.instagram.android
2023-12-17 23:37:58.231000,com.huawei.android.launcher
2023-12-17 23:38:11.303000,com.snapchat.android
2023-12-17 23:38:55.175000,com.huawei.android.launcher
2023-12-17 23:42:16.815000,com.snapchat.android
2023-12-17 23:42:22.279000,com.huawei.android.launcher
2023-12-17 23:48:56.302000,com.whatsapp
2023-12-17 23:54:23.715000,fr.creditagricole.androidapp
2023-12-17 23:58:03.202000,com.snapchat.android
2023-12-17 23:58:08.048000,com.huawei.android.launcher
2023-12-17 23:58:25.186000,com.instagram.android
2023-12-17 23:59:39.551000,com.huawei.android.launcher
1970-01-01 01:00:00.000000,com.android.deskclock
1970-01-01 01:00:00.000000,com.snapchat.android
2023-12-18 00:19:17.534000,com.instagram.android
2023-12-18 00:55:31.731000,com.google.android.youtube
2023-12-18 01:11:29.922000,com.snapchat.android
2023-12-18 01:11:29.922000,com.snapchat.android
2023-12-18 01:12:54.480000,com.google.android.youtube
2023-12-18 01:31:01.737000,com.huawei.android.launcher
2023-12-18 01:31:06.144000,com.android.deskclock
2023-12-18 01:33:39.699000,com.huawei.android.launcher
2023-12-18 01:33:39.699000,com.huawei.android.launcher
2023-12-18 09:35:03.104000,com.android.deskclock
2023-12-18 09:45:05.128000,com.huawei.android.launcher
2023-12-18 09:45:47.748000,com.discord
2023-12-18 09:46:13.786000,com.snapchat.android
2023-12-18 09:48:06.911000,com.facebook.orca
2023-12-18 09:48:38.267000,com.whatsapp
2023-12-18 09:48:47.973000,com.google.android.gm
2023-12-18 09:49:07.827000,com.instagram.android
2023-12-18 09:57:34.090000,com.facebook.orca
2023-12-18 09:57:44.886000,com.instagram.android
2023-12-18 09:59:23.253000,com.huawei.android.launcher
2023-12-18 10:08:23.207000,com.snapchat.android
2023-12-18 10:20:10.803000,com.facebook.orca
2023-12-18 10:20:56.392000,com.huawei.android.launcher
2023-12-18 10:23:31.779000,com.facebook.orca
2023-12-18 10:23:54.557000,com.huawei.android.launcher
2023-12-18 10:27:18.401000,com.facebook.orca
2023-12-18 10:27:34.661000,com.huawei.android.launcher
2023-12-18 10:34:18.640000,com.discord
2023-12-18 10:34:30.258000,com.facebook.orca
2023-12-18 10:35:13.384000,com.huawei.android.launcher
2023-12-18 10:40:54.426000,com.android.systemui
2023-12-18 10:41:19.927000,com.huawei.android.launcher
2023-12-18 10:42:31.900000,com.example.firstapp
2023-12-18 10:43:35.408000,com.google.android.permissioncontroller
2023-12-18 10:43:52.693000,com.android.settings
2023-12-18 10:44:56.566000,com.huawei.systemmanager
2023-12-18 10:45:22.563000,com.android.settings
2023-12-18 10:46:22.801000,com.google.android.permissioncontroller
2023-12-18 10:46:31.298000,com.example.firstapp
2023-12-18 10:54:40.941000,com.huawei.android.launcher
2023-12-18 11:11:22.110000,com.facebook.orca
2023-12-18 11:12:45.540000,com.snapchat.android
2023-12-18 11:13:09.722000,com.example.firstapp
2023-12-18 11:16:14.276000,com.facebook.orca
2023-12-18 11:16:16.805000,com.example.firstapp
2023-12-18 11:16:44.219000,com.snapchat.android
2023-12-18 11:22:18.223000,com.facebook.orca
2023-12-18 11:25:11.792000,com.huawei.android.launcher
2023-12-18 11:29:26.127000,com.android.calendar
2023-12-18 11:34:37.873000,com.snapchat.android
2023-12-18 11:35:53.859000,com.facebook.orca
2023-12-18 11:36:27.042000,com.huawei.android.launcher
2023-12-18 11:36:38.517000,com.google.android.apps.docs.editors.sheets
2023-12-18 11:36:55.706000,com.whatsapp
2023-12-18 11:38:05.283000,com.instagram.android
2023-12-18 11:43:14.879000,com.google.android.youtube
2023-12-18 11:45:31.439000,com.facebook.orca
2023-12-18 11:46:15.831000,com.google.android.youtube
2023-12-18 11:53:36.073000,com.snapchat.android
2023-12-18 11:54:25.369000,com.google.android.youtube
2023-12-18 12:01:41.992000,com.snapchat.android
2023-12-18 12:04:27.444000,com.google.android.youtube
2023-12-18 12:27:14.131000,com.whatsapp
2023-12-18 12:27:20.788000,com.huawei.android.launcher
2023-12-18 12:29:59.648000,com.google.android.youtube
2023-12-18 12:59:34.025000,com.discord
2023-12-18 12:59:46.611000,com.huawei.android.launcher
2023-12-18 12:59:54.931000,com.snapchat.android
2023-12-18 13:01:15.606000,com.facebook.orca
2023-12-18 13:02:46.896000,com.instagram.android
2023-12-18 13:02:58.907000,com.huawei.android.launcher
2023-12-18 13:03:55.172000,com.facebook.orca
2023-12-18 13:04:30.527000,com.crater.bbtan
2023-12-18 13:07:24.683000,com.huawei.android.launcher
2023-12-18 13:07:48.230000,com.google.android.apps.docs.editors.sheets
2023-12-18 13:08:03.431000,com.huawei.android.launcher
2023-12-18 13:14:42.246000,com.crater.bbtan
2023-12-18 13:27:42.473000,com.huawei.android.launcher
2023-12-18 13:28:58.739000,com.crater.bbtan
2023-12-18 13:37:28.039000,com.facebook.orca
2023-12-18 13:37:35.805000,com.huawei.android.launcher
2023-12-18 13:42:42.657000,com.crater.bbtan
2023-12-18 13:45:17.926000,com.huawei.android.launcher
2023-12-18 13:49:48.230000,com.crater.bbtan
2023-12-18 13:51:12.440000,com.facebook.orca
2023-12-18 13:51:23.689000,com.huawei.android.launcher
2023-12-18 13:56:05.628000,com.facebook.orca
2023-12-18 13:57:28.648000,org.thoughtcrime.securesms
2023-12-18 14:02:10.611000,com.facebook.orca
2023-12-18 14:02:20.048000,com.huawei.android.launcher
2023-12-18 14:07:45.716000,org.thoughtcrime.securesms
2023-12-18 14:08:07.336000,com.canva.editor
2023-12-18 14:10:03.260000,com.google.android.gms
2023-12-18 14:10:10.193000,com.canva.editor
2023-12-18 14:10:33.918000,com.huawei.hisuite
2023-12-18 14:15:55.971000,com.huawei.android.launcher
2023-12-18 14:25:50.113000,org.thoughtcrime.securesms
2023-12-18 14:34:48.121000,com.android.settings
2023-12-18 14:35:12.817000,org.thoughtcrime.securesms
2023-12-18 14:35:52.691000,com.huawei.android.launcher
2023-12-18 14:50:24.871000,com.android.gallery3d
2023-12-18 14:50:39.641000,com.huawei.filemanager
2023-12-18 14:56:16.075000,com.android.gallery3d
2023-12-18 15:00:51.326000,org.thoughtcrime.securesms
2023-12-18 15:09:40.670000,com.snapchat.android
2023-12-18 15:23:00.103000,org.thoughtcrime.securesms
2023-12-18 15:23:52.642000,com.ecosia.android
2023-12-18 15:24:10.034000,com.snapchat.android
2023-12-18 15:30:28.401000,com.huawei.android.launcher
2023-12-18 15:31:59.161000,com.crater.bbtan
2023-12-18 15:34:58.888000,org.thoughtcrime.securesms
2023-12-18 15:35:45.063000,com.instagram.android
2023-12-18 15:36:50.608000,com.snapchat.android
2023-12-18 15:37:15.783000,org.thoughtcrime.securesms
2023-12-18 15:37:55.871000,com.snapchat.android
2023-12-18 15:39:46.332000,com.huawei.android.launcher
2023-12-18 15:49:48.266000,com.example.nextapp
2023-12-18 15:49:54.276000,com.whatsapp
2023-12-18 15:50:01.552000,com.huawei.android.launcher
2023-12-18 16:07:28.138000,com.bereal.ft
2023-12-18 16:10:57.788000,com.snapchat.android
2023-12-18 16:15:42.369000,com.android.gallery3d
2023-12-18 16:19:01.218000,com.android.contacts
2023-12-18 16:19:11.131000,com.instagram.android
2023-12-18 16:24:20.475000,com.huawei.android.launcher
2023-12-18 16:45:30.064000,com.snapchat.android
2023-12-18 16:45:41.753000,com.instagram.android
2023-12-18 16:54:44.456000,com.snapchat.android
2023-12-18 16:59:57.047000,com.instagram.android
2023-12-18 17:15:35.059000,com.snapchat.android
2023-12-18 17:16:05.680000,deezer.android.app
2023-12-18 17:28:37.827000,com.instagram.android
2023-12-18 17:35:03.058000,com.facebook.orca
2023-12-18 17:35:12.983000,com.huawei.android.launcher
2023-12-18 17:37:46.117000,org.thoughtcrime.securesms
2023-12-18 17:37:58.365000,com.huawei.android.launcher
2023-12-18 17:40:08.566000,org.thoughtcrime.securesms
2023-12-18 17:40:11.278000,com.huawei.android.launcher
2023-12-18 17:41:07.370000,com.google.android.youtube
2023-12-18 17:43:07.395000,org.thoughtcrime.securesms
2023-12-18 17:43:19.148000,com.google.android.youtube
2023-12-18 17:51:52.053000,org.thoughtcrime.securesms
2023-12-18 17:51:59.469000,com.google.android.youtube
2023-12-18 17:56:00.410000,com.huawei.android.launcher
2023-12-18 17:57:03.403000,com.android.deskclock
2023-12-18 18:14:11.443000,com.instagram.android
2023-12-18 18:21:51.651000,com.google.android.youtube
2023-12-18 18:34:11.991000,org.thoughtcrime.securesms
2023-12-18 18:34:22.209000,com.google.android.youtube
2023-12-18 18:39:11.158000,com.linkedin.android
2023-12-18 18:39:31.230000,com.huawei.android.launcher
2023-12-18 18:43:43.284000,com.android.deskclock
2023-12-18 19:07:19.038000,com.bereal.ft
2023-12-18 19:08:48.907000,com.android.deskclock
2023-12-18 19:19:29.273000,com.google.android.apps.maps
2023-12-18 19:20:12.463000,com.discord
2023-12-18 19:20:35.084000,com.huawei.android.launcher
2023-12-18 19:20:37.836000,com.google.android.youtube
2023-12-18 20:12:48.207000,com.snapchat.android
2023-12-18 20:26:10.175000,com.huawei.android.launcher
2023-12-18 20:26:42.542000,org.thoughtcrime.securesms
2023-12-18 20:29:14.999000,com.android.gallery3d
2023-12-18 20:31:23.021000,com.huawei.android.launcher
2023-12-18 20:34:58.407000,com.snapchat.android
2023-12-18 20:35:13.126000,com.snapchat.android
2023-12-18 20:42:36.659000,com.instagram.android
2023-12-18 20:42:53.583000,com.google.android.youtube
2023-12-18 20:46:27.265000,com.snapchat.android
2023-12-18 20:48:57.408000,com.android.gallery3d
2023-12-18 20:49:11.219000,com.google.android.youtube
2023-12-18 21:08:33.302000,com.facebook.orca
2023-12-18 21:08:58.611000,com.huawei.android.launcher
2023-12-18 21:09:10.524000,com.snapchat.android
2023-12-18 21:11:16.796000,com.huawei.android.launcher
2023-12-18 21:12:15.561000,com.facebook.orca
2023-12-18 21:12:31.083000,com.huawei.android.launcher
2023-12-18 21:13:23.668000,com.android.deskclock
2023-12-18 21:22:47.391000,com.bereal.ft
2023-12-18 21:23:05.842000,com.huawei.android.launcher
2023-12-18 21:27:33.673000,com.snapchat.android
2023-12-18 21:28:22.297000,com.huawei.android.launcher
2023-12-18 21:30:36.637000,com.instagram.android
2023-12-18 21:32:52.920000,com.huawei.android.launcher
2023-12-18 21:43:07.590000,com.snapchat.android
2023-12-18 21:43:34.888000,com.instagram.android
2023-12-18 21:47:13.994000,com.snapchat.android
2023-12-18 21:47:25.239000,com.instagram.android
2023-12-18 21:54:26.262000,com.huawei.filemanager
2023-12-18 21:54:40.836000,com.snapchat.android
2023-12-18 21:56:20.224000,com.huawei.android.launcher
2023-12-18 21:56:20.914000,com.instagram.android
2023-12-18 21:59:01.789000,com.huawei.android.launcher
2023-12-18 22:00:40.490000,com.instagram.android
2023-12-18 22:00:46.492000,com.snapchat.android
2023-12-18 22:01:48.318000,com.huawei.android.launcher
2023-12-18 22:04:21.185000,com.instagram.android
2023-12-18 22:04:37.920000,com.snapchat.android
2023-12-18 22:05:38.050000,com.huawei.android.launcher
2023-12-18 22:12:27.290000,com.snapchat.android
2023-12-18 22:13:31.936000,com.huawei.android.launcher
2023-12-18 22:25:31.237000,com.snapchat.android
2023-12-18 22:26:01.702000,com.huawei.android.launcher
2023-12-18 22:29:13.523000,com.google.android.youtube
2023-12-18 22:29:14.558000,com.google.android.youtube
2023-12-18 22:31:27.233000,com.snapchat.android
2023-12-18 22:33:15.891000,com.huawei.android.launcher
2023-12-18 22:40:49.870000,com.snapchat.android
2023-12-18 22:45:19.406000,com.huawei.android.launcher
2023-12-18 22:50:40.657000,com.snapchat.android
2023-12-18 22:52:16.904000,com.huawei.android.launcher
2023-12-18 22:59:44.198000,com.snapchat.android
2023-12-18 23:01:12.383000,com.instagram.android
2023-12-18 23:11:46.648000,org.iggymedia.periodtracker
2023-12-18 23:12:21.397000,com.instagram.android
2023-12-18 23:18:59.530000,com.snapchat.android
2023-12-18 23:19:15.300000,com.instagram.android
2023-12-18 23:24:51.954000,com.android.deskclock
2023-12-18 23:25:36.073000,com.huawei.android.launcher
1970-01-01 01:00:00.000000,com.example.firstapp
1970-01-01 01:00:00.000000,com.android.deskclock
1970-01-01 01:00:00.000000,com.huawei.lbs
1970-01-01 01:00:00.000000,com.android.providers.contacts
2023-12-19 01:37:53.577000,com.android.settings
2023-12-19 01:37:53.577000,com.android.settings
2023-12-19 08:35:02.141000,com.android.deskclock
2023-12-19 08:56:04.155000,com.huawei.android.launcher
2023-12-19 08:56:27.482000,com.whatsapp
2023-12-19 09:06:04.843000,com.example.nextapp
2023-12-19 09:06:19.363000,com.example.firstapp
2023-12-19 09:06:34.450000,com.instagram.android
2023-12-19 09:10:06.382000,com.instagram.android
2023-12-19 09:10:22.489000,com.huawei.android.launcher
2023-12-19 09:27:29.847000,com.snapchat.android
2023-12-19 09:29:49.315000,com.huawei.android.launcher
2023-12-19 09:29:50.788000,com.discord
2023-12-19 09:30:09.447000,com.instagram.android
2023-12-19 09:32:50.757000,com.huawei.android.launcher
2023-12-19 09:33:27.404000,com.discord
2023-12-19 09:33:56.913000,com.facebook.orca
2023-12-19 09:34:47.431000,com.discord
2023-12-19 09:36:21.825000,com.huawei.android.launcher
2023-12-19 09:42:41.596000,com.discord
2023-12-19 09:43:40.268000,deezer.android.app
2023-12-19 09:44:05.835000,com.snapchat.android
2023-12-19 09:44:56.809000,deezer.android.app
2023-12-19 09:45:09.202000,com.jcdecaux.vls.ljubljana
2023-12-19 09:45:56.498000,deezer.android.app
2023-12-19 09:59:33.287000,com.snapchat.android
2023-12-19 10:50:50.411000,com.example.nextapp
2023-12-19 10:50:59.491000,com.huawei.android.launcher
2023-12-19 11:38:21.317000,com.crater.bbtan
2023-12-19 11:39:36.045000,com.huawei.android.launcher
2023-12-19 11:53:48.293000,com.facebook.orca
2023-12-19 11:54:09.904000,com.huawei.android.launcher
2023-12-19 11:56:51.011000,com.facebook.orca
2023-12-19 11:58:05.914000,com.huawei.android.launcher
2023-12-19 12:07:17.278000,com.example.nextapp
2023-12-19 12:07:25.978000,com.huawei.android.launcher
2023-12-19 12:10:00.777000,com.snapchat.android
2023-12-19 12:10:09.645000,org.thoughtcrime.securesms
2023-12-19 12:10:26.867000,com.huawei.android.launcher
2023-12-19 12:16:35.256000,org.thoughtcrime.securesms
2023-12-19 12:17:50.503000,com.facebook.orca
2023-12-19 12:18:04.650000,com.crater.bbtan
2023-12-19 12:18:52.340000,com.huawei.android.launcher
2023-12-19 12:24:32.094000,com.facebook.orca
2023-12-19 12:24:40.475000,com.huawei.android.launcher
2023-12-19 12:26:12.170000,com.facebook.orca
2023-12-19 12:29:41.799000,com.margento.studentskaprehrana
2023-12-19 12:40:06.745000,com.huawei.filemanager
2023-12-19 12:40:16.085000,com.huawei.android.launcher
2023-12-19 12:51:34.437000,com.crater.bbtan
2023-12-19 13:00:33.923000,com.huawei.android.launcher
2023-12-19 13:02:28.343000,com.bereal.ft
2023-12-19 13:02:35.360000,com.huawei.android.launcher
2023-12-19 13:06:01.936000,com.google.android.apps.docs.editors.sheets
2023-12-19 13:07:55.332000,com.huawei.android.launcher
2023-12-19 13:10:30.470000,com.huawei.filemanager
2023-12-19 13:13:15.081000,com.huawei.android.launcher
2023-12-19 13:41:47.663000,com.snapchat.android
2023-12-19 13:45:37.760000,com.facebook.orca
2023-12-19 13:45:47.893000,com.huawei.android.launcher
2023-12-19 13:46:40.363000,com.ecosia.android
2023-12-19 13:46:52.238000,com.huawei.android.launcher
2023-12-19 13:48:26.449000,com.android.deskclock
2023-12-19 13:58:28.891000,com.whatsapp
2023-12-19 13:58:49.241000,com.facebook.orca
2023-12-19 13:59:12.295000,com.instagram.android
2023-12-19 14:01:02.722000,com.snapchat.android
2023-12-19 14:01:02.722000,com.snapchat.android
2023-12-19 14:01:11.204000,com.facebook.orca
2023-12-19 14:01:57.073000,com.crater.bbtan
2023-12-19 14:06:32.814000,com.snapchat.android
2023-12-19 14:06:55.343000,com.huawei.android.launcher
2023-12-19 15:02:16.021000,com.whatsapp
2023-12-19 15:02:39.951000,com.instagram.android
2023-12-19 15:08:25.941000,com.huawei.android.launcher
2023-12-19 15:08:57.923000,com.instagram.android
2023-12-19 15:09:39.107000,com.huawei.android.launcher
2023-12-19 15:52:17.935000,com.facebook.orca
2023-12-19 15:52:53.097000,com.huawei.android.launcher
2023-12-19 16:01:37.004000,com.whatsapp
2023-12-19 16:06:35.425000,com.huawei.android.launcher
2023-12-19 16:08:54.229000,com.snapchat.android
2023-12-19 16:22:35.732000,com.facebook.orca
2023-12-19 16:22:41.511000,com.huawei.android.launcher
2023-12-19 16:28:40.550000,com.snapchat.android
2023-12-19 16:29:57.820000,com.huawei.android.launcher
2023-12-19 16:37:16.761000,org.thoughtcrime.securesms
2023-12-19 16:37:58.307000,com.snapchat.android
2023-12-19 16:39:40.950000,com.example.android.notepad
2023-12-19 16:40:06.608000,com.snapchat.android
2023-12-19 16:42:22.144000,org.thoughtcrime.securesms
2023-12-19 16:43:00.649000,com.instagram.android
2023-12-19 16:44:52.314000,com.google.android.youtube
2023-12-19 16:47:33.156000,com.snapchat.android
2023-12-19 16:50:56.654000,org.thoughtcrime.securesms
2023-12-19 16:51:55.427000,com.snapchat.android
2023-12-19 16:52:26.992000,com.android.mediacenter
2023-12-19 16:52:31.357000,com.whatsapp
2023-12-19 16:53:12.560000,com.android.mediacenter
2023-12-19 16:53:25.175000,com.whatsapp
2023-12-19 17:00:44.361000,org.thoughtcrime.securesms
2023-12-19 17:01:13.511000,com.snapchat.android
2023-12-19 17:03:42.329000,com.huawei.android.launcher
2023-12-19 17:04:37.698000,com.google.android.youtube
2023-12-19 17:11:00.981000,com.whatsapp
2023-12-19 17:12:26.951000,deezer.android.app
2023-12-19 17:13:12.457000,com.whatsapp
2023-12-19 17:13:37.901000,com.huawei.android.launcher
2023-12-19 17:14:51.618000,com.whatsapp
2023-12-19 17:15:21.708000,com.huawei.android.launcher
2023-12-19 17:16:37.679000,com.whatsapp
2023-12-19 17:20:13.244000,com.android.contacts
2023-12-19 17:20:19.939000,deezer.android.app
2023-12-19 17:25:30.980000,com.example.firstapp
2023-12-19 17:25:37.131000,com.jcdecaux.vls.ljubljana
2023-12-19 17:26:29.621000,deezer.android.app
2023-12-19 17:36:28.411000,com.jcdecaux.vls.ljubljana
2023-12-19 17:36:35.890000,com.whatsapp
2023-12-19 17:37:44.079000,deezer.android.app
2023-12-19 17:44:30.326000,com.tribab.tricount.android
2023-12-19 17:45:06.990000,com.huawei.android.launcher
2023-12-19 17:45:36.337000,com.tribab.tricount.android
2023-12-19 17:46:25.041000,com.huawei.android.launcher
2023-12-19 17:48:18.257000,com.example.firstapp
2023-12-19 17:48:22.225000,com.huawei.android.launcher
2023-12-19 17:51:33.942000,com.instagram.android
2023-12-19 17:55:35.819000,com.whatsapp
2023-12-19 17:56:30.703000,com.instagram.android
2023-12-19 17:56:48.661000,com.whatsapp
2023-12-19 17:57:06.410000,com.instagram.android
2023-12-19 18:36:20.553000,com.google.android.youtube
2023-12-19 18:40:17.837000,com.huawei.android.launcher
2023-12-19 18:49:13.135000,com.whatsapp
2023-12-19 19:42:03.205000,com.snapchat.android
2023-12-19 19:43:21.063000,com.huawei.android.launcher
2023-12-19 19:46:08.340000,com.bereal.ft
2023-12-19 19:47:17.525000,com.whatsapp
2023-12-19 19:47:32.147000,com.snapchat.android
2023-12-19 19:47:32.147000,com.snapchat.android
2023-12-19 19:48:32.978000,com.google.android.youtube
2023-12-19 19:52:32.805000,com.snapchat.android
2023-12-19 21:23:15.716000,com.huawei.android.launcher
2023-12-19 21:27:14.257000,com.snapchat.android
2023-12-19 21:33:14.892000,com.bereal.ft
2023-12-19 21:33:48.291000,com.snapchat.android
2023-12-19 21:56:53.107000,com.crater.bbtan
2023-12-19 22:00:33.892000,com.snapchat.android
2023-12-19 22:03:48.751000,com.instagram.android
2023-12-19 22:05:04.626000,com.google.android.youtube
2023-12-19 22:05:24.874000,com.huawei.android.launcher
2023-12-19 22:05:30.273000,com.google.android.googlequicksearchbox
2023-12-19 22:05:50.909000,com.google.android.youtube
2023-12-19 22:14:36.737000,com.snapchat.android
2023-12-19 22:14:52.721000,com.huawei.android.launcher
2023-12-19 22:20:29.717000,com.google.android.youtube
2023-12-19 22:38:32.834000,com.whatsapp
2023-12-19 22:38:50.772000,com.snapchat.android
2023-12-19 22:39:46.469000,com.instagram.android
2023-12-19 22:47:01.693000,com.google.android.youtube
2023-12-19 22:57:51.155000,deezer.android.app
2023-12-19 22:59:02.982000,com.huawei.android.launcher
2023-12-19 23:05:29.443000,com.crater.bbtan
2023-12-19 23:05:54.272000,com.android.deskclock
2023-12-19 23:05:59.779000,com.crater.bbtan
2023-12-19 23:07:45.612000,com.huawei.android.launcher
2023-12-19 23:07:45.612000,com.huawei.android.launcher
2023-12-19 23:16:06.361000,com.crater.bbtan
2023-12-19 23:20:32.819000,com.huawei.android.launcher
2023-12-19 23:25:22.006000,com.huawei.android.launcher
1970-01-01 01:00:00.000000,com.android.deskclock
1970-01-01 01:00:00.000000,com.huawei.lbs
1970-01-01 01:00:00.000000,com.huawei.hiaction
2023-12-20 00:47:32.774000,com.bereal.ft
2023-12-20 00:48:27.251000,com.instagram.android
2023-12-20 01:52:53.519000,com.huawei.android.launcher
2023-12-20 02:57:00.317000,com.huawei.search
2023-12-20 02:57:16.762000,org.thoughtcrime.securesms
2023-12-20 02:57:24.131000,com.google.android.gm
2023-12-20 02:57:40.995000,com.ecosia.android
2023-12-20 02:58:05.707000,com.google.android.gm
2023-12-20 02:58:17.997000,com.google.android.apps.docs.editors.sheets
2023-12-20 02:58:42.182000,com.instagram.android
2023-12-20 03:48:45.220000,com.snapchat.android
2023-12-20 03:51:28.693000,com.huawei.android.launcher
2023-12-20 03:51:49.772000,com.instagram.android
2023-12-20 04:10:55.118000,com.huawei.android.launcher
2023-12-20 07:35:02.426000,com.android.deskclock
2023-12-20 07:40:40.518000,com.snapchat.android
2023-12-20 07:45:33.922000,com.android.deskclock
2023-12-20 09:06:05.321000,com.huawei.android.launcher
2023-12-20 09:08:34.129000,com.Slack
2023-12-20 09:09:04.402000,com.ecosia.android
2023-12-20 09:11:11.704000,com.snapchat.android
2023-12-20 09:12:28.111000,com.instagram.android
2023-12-20 09:17:07.129000,com.snapchat.android
2023-12-20 09:17:50.467000,com.huawei.android.launcher
2023-12-20 09:18:06.115000,com.android.deskclock
2023-12-20 09:45:20.647000,com.discord
2023-12-20 09:46:28.488000,com.instagram.android
2023-12-20 09:53:43.679000,com.discord
2023-12-20 09:54:16.009000,com.android.deskclock
2023-12-20 10:49:03.871000,com.discord
2023-12-20 10:49:31.614000,com.bereal.ft
2023-12-20 10:50:03.934000,com.huawei.android.launcher
2023-12-20 10:50:05.900000,com.instagram.android
2023-12-20 11:00:19.394000,com.android.settings
2023-12-20 11:00:26.800000,com.instagram.android
2023-12-20 11:44:41.930000,com.huawei.android.launcher
2023-12-20 11:57:29.857000,deezer.android.app
2023-12-20 12:03:19.343000,com.huawei.android.launcher
2023-12-20 12:08:46.297000,com.ecosia.android
2023-12-20 12:10:16.126000,deezer.android.app
2023-12-20 12:21:34.948000,com.crater.bbtan
2023-12-20 12:24:15.944000,com.huawei.android.launcher
2023-12-20 12:28:06.065000,com.snapchat.android
2023-12-20 12:29:46.065000,com.instagram.android
2023-12-20 12:30:50.199000,com.facebook.orca
2023-12-20 12:31:44.613000,com.huawei.android.launcher
2023-12-20 12:32:32.860000,com.snapchat.android
2023-12-20 12:32:52.625000,com.huawei.android.launcher
2023-12-20 12:33:41.430000,com.crater.bbtan
2023-12-20 12:34:25.613000,com.huawei.android.launcher
2023-12-20 12:40:05.822000,deezer.android.app
2023-12-20 13:08:26.471000,com.instagram.android
2023-12-20 13:14:51.194000,com.huawei.android.launcher
2023-12-20 13:15:34.569000,com.snapchat.android
2023-12-20 13:16:16.260000,com.huawei.android.launcher
2023-12-20 13:26:26.499000,com.facebook.orca
2023-12-20 13:26:50.294000,com.huawei.android.launcher
2023-12-20 13:30:47.753000,com.facebook.orca
2023-12-20 13:31:39.173000,com.google.android.apps.maps
2023-12-20 13:32:09.152000,com.facebook.orca
2023-12-20 13:32:42.726000,com.google.android.apps.maps
2023-12-20 13:32:59.830000,com.facebook.orca
2023-12-20 13:33:19.864000,com.huawei.android.launcher
2023-12-20 13:36:18.115000,com.snapchat.android
2023-12-20 13:37:26.106000,com.huawei.android.launcher
2023-12-20 13:37:41.149000,com.discord
2023-12-20 13:39:31.390000,com.instagram.android
2023-12-20 13:54:43.690000,com.huawei.android.launcher
2023-12-20 14:02:16.105000,com.snapchat.android
2023-12-20 14:05:39.809000,com.huawei.android.launcher
2023-12-20 14:05:55.608000,com.crater.bbtan
2023-12-20 14:07:29.216000,com.huawei.android.launcher
2023-12-20 14:13:38.802000,com.instagram.android
2023-12-20 14:22:28.472000,deezer.android.app
2023-12-20 14:30:06.240000,com.facebook.orca
2023-12-20 14:30:19.534000,com.crater.bbtan
2023-12-20 14:30:31.889000,com.huawei.android.launcher
2023-12-20 14:31:52.832000,deezer.android.app
2023-12-20 14:39:26.097000,com.huawei.iconnect
2023-12-20 14:39:30.074000,deezer.android.app
2023-12-20 14:42:28.497000,com.snapchat.android
2023-12-20 14:45:00.303000,com.facebook.orca
2023-12-20 14:45:14.144000,deezer.android.app
2023-12-20 14:45:18.437000,com.google.android.apps.maps
2023-12-20 14:45:37.188000,com.huawei.android.launcher
2023-12-20 15:01:25.315000,com.facebook.orca
2023-12-20 15:01:57.927000,com.huawei.android.launcher
2023-12-20 15:03:05.639000,com.huawei.scanner
2023-12-20 15:03:12.633000,com.ecosia.android
2023-12-20 15:05:13.713000,com.facebook.orca
2023-12-20 15:05:28.275000,com.snapchat.android
2023-12-20 15:05:36.346000,com.huawei.camera
2023-12-20 15:06:17.048000,com.huawei.search
2023-12-20 15:06:37.699000,com.huawei.android.launcher
2023-12-20 15:08:20.569000,com.android.gallery3d
2023-12-20 15:08:36.833000,com.huawei.android.launcher
2023-12-20 15:13:03.074000,com.snapchat.android
2023-12-20 15:13:24.448000,com.huawei.android.launcher
2023-12-20 15:18:59.820000,com.google.android.apps.maps
2023-12-20 15:20:04.047000,org.thoughtcrime.securesms
2023-12-20 15:20:39.486000,com.huawei.android.launcher
2023-12-20 15:24:03.975000,org.thoughtcrime.securesms
2023-12-20 15:24:47.729000,com.huawei.android.launcher
2023-12-20 15:27:23.924000,com.canva.editor
2023-12-20 15:27:42.438000,com.huawei.HwMultiScreenShot
2023-12-20 15:27:50.643000,org.thoughtcrime.securesms
2023-12-20 15:28:10.577000,com.huawei.android.launcher
2023-12-20 15:28:54.265000,org.thoughtcrime.securesms
2023-12-20 15:29:11.586000,com.instagram.android
2023-12-20 15:29:27.330000,com.huawei.android.launcher
2023-12-20 15:29:27.491000,com.canva.editor
2023-12-20 15:29:57.428000,com.instagram.android
2023-12-20 15:31:49.095000,com.canva.editor
2023-12-20 15:32:07.624000,android
2023-12-20 15:32:15.138000,com.instagram.android
2023-12-20 15:32:59.989000,com.canva.editor
2023-12-20 15:34:45.417000,com.instagram.android
2023-12-20 15:35:04.357000,com.snapchat.android
2023-12-20 15:35:50.775000,com.instagram.android
2023-12-20 15:37:07.846000,com.huawei.search
2023-12-20 15:41:56.744000,com.huawei.android.launcher
2023-12-20 15:44:52.490000,com.instagram.android
2023-12-20 15:49:08.574000,com.huawei.android.launcher
2023-12-20 15:49:10.338000,com.facebook.orca
2023-12-20 15:49:41.234000,com.snapchat.android
2023-12-20 16:08:19.054000,deezer.android.app
2023-12-20 16:10:12.238000,com.facebook.orca
2023-12-20 16:10:43.337000,deezer.android.app
2023-12-20 16:10:58.115000,com.crater.bbtan
2023-12-20 16:11:34.022000,com.huawei.android.launcher
2023-12-20 16:19:05.217000,com.facebook.orca
2023-12-20 16:19:39.607000,com.huawei.android.launcher
2023-12-20 16:40:11.861000,com.facebook.orca
2023-12-20 16:40:46.413000,com.huawei.android.launcher
2023-12-20 16:45:02.758000,com.facebook.orca
2023-12-20 16:45:29.954000,com.huawei.android.launcher
2023-12-20 16:49:19.073000,com.facebook.orca
2023-12-20 16:49:26.996000,com.huawei.android.launcher
2023-12-20 16:50:49.425000,com.facebook.orca
2023-12-20 16:51:20.447000,com.huawei.android.launcher
2023-12-20 16:59:00.056000,com.instagram.android
2023-12-20 16:59:30.500000,com.huawei.android.launcher
2023-12-20 17:03:00.463000,com.snapchat.android
2023-12-20 17:03:11.673000,com.huawei.android.launcher
2023-12-20 17:06:43.239000,com.facebook.orca
2023-12-20 17:06:55.060000,com.huawei.android.launcher
2023-12-20 17:13:43.625000,com.facebook.orca
2023-12-20 17:14:34.582000,com.huawei.android.launcher
2023-12-20 17:40:50.674000,com.example.nextapp
2023-12-20 17:40:54.406000,com.snapchat.android
2023-12-20 17:42:10.657000,com.huawei.android.launcher
2023-12-20 17:46:47.460000,com.snapchat.android
2023-12-20 17:47:21.980000,com.huawei.android.launcher
2023-12-20 17:48:44.490000,com.facebook.orca
2023-12-20 17:48:49.757000,com.huawei.android.launcher
2023-12-20 17:54:31.151000,com.instagram.android
2023-12-20 17:55:10.255000,com.google.android.gm
2023-12-20 17:55:25.443000,com.ecosia.android
2023-12-20 17:57:21.781000,com.google.android.apps.maps
2023-12-20 17:57:33.778000,com.ecosia.android
2023-12-20 17:58:14.756000,com.google.android.googlequicksearchbox
2023-12-20 17:58:18.450000,com.android.chrome
2023-12-20 18:00:21.759000,com.instagram.android
2023-12-20 18:01:17.283000,com.instagram.android
2023-12-20 18:01:24.070000,com.huawei.android.launcher
2023-12-20 18:03:57.864000,org.iggymedia.periodtracker
2023-12-20 18:04:44.737000,com.example.firstapp
2023-12-20 18:06:13.824000,com.facebook.orca
2023-12-20 18:06:33.714000,com.huawei.android.launcher
2023-12-20 18:19:49.501000,com.example.nextapp
2023-12-20 18:19:55.572000,com.google.android.apps.maps
2023-12-20 18:20:14.946000,deezer.android.app
2023-12-20 18:21:43.846000,com.facebook.orca
2023-12-20 18:21:59.089000,com.huawei.android.launcher
2023-12-20 18:26:09.914000,com.facebook.orca
2023-12-20 18:39:05.957000,com.huawei.android.launcher
2023-12-20 18:39:16.439000,com.crater.bbtan
2023-12-20 18:48:07.855000,com.huawei.android.launcher
2023-12-20 18:54:18.063000,com.discord
2023-12-20 18:54:40.120000,com.ecosia.android
2023-12-20 18:55:04.006000,com.snapchat.android
2023-12-20 19:14:31.358000,com.crater.bbtan
2023-12-20 19:17:41.013000,com.huawei.android.launcher
2023-12-20 19:27:58.937000,com.snapchat.android
2023-12-20 19:28:04.678000,com.huawei.android.launcher
2023-12-20 19:44:07.989000,com.facebook.orca
2023-12-20 19:46:32.045000,com.snapchat.android
2023-12-20 19:51:41.131000,com.huawei.android.launcher
2023-12-20 20:18:08.008000,com.facebook.orca
2023-12-20 20:18:14.462000,com.huawei.android.launcher
2023-12-20 20:23:05.688000,com.snapchat.android
2023-12-20 20:23:36.755000,com.instagram.android
2023-12-20 20:24:02.983000,com.facebook.orca
2023-12-20 20:24:30.000000,com.huawei.android.launcher
2023-12-20 20:32:05.897000,com.google.android.youtube
2023-12-20 20:42:14.202000,com.facebook.orca
2023-12-20 20:42:26.272000,com.google.android.youtube
2023-12-20 20:54:34.507000,com.facebook.orca
2023-12-20 20:54:46.818000,com.google.android.youtube
2023-12-20 21:19:42.508000,com.instagram.android
2023-12-20 21:22:42.495000,com.huawei.android.launcher
2023-12-20 21:23:25.415000,com.facebook.orca
2023-12-20 21:23:42.932000,com.instagram.android
2023-12-20 21:32:18.415000,com.snapchat.android
2023-12-20 21:34:21.300000,com.facebook.orca
2023-12-20 21:34:32.955000,com.instagram.android
2023-12-20 21:42:13.400000,com.snapchat.android
2023-12-20 21:44:50.300000,com.bereal.ft
2023-12-20 21:46:17.730000,com.huawei.android.launcher
2023-12-20 21:48:14.810000,com.instagram.android
2023-12-20 21:48:45.406000,com.snapchat.android
2023-12-20 21:53:56.392000,com.bereal.ft
2023-12-20 21:54:11.814000,com.snapchat.android
2023-12-20 21:55:37.268000,com.instagram.android
2023-12-20 22:00:23.988000,com.huawei.android.launcher
2023-12-20 22:04:54.454000,com.snapchat.android
2023-12-20 22:06:58.328000,com.instagram.android
2023-12-20 22:07:02.023000,com.huawei.android.launcher
2023-12-20 22:11:39.281000,com.snapchat.android
2023-12-20 22:22:12.557000,com.instagram.android
2023-12-20 22:26:22.940000,com.huawei.android.launcher
2023-12-20 22:31:47.783000,com.snapchat.android
2023-12-20 22:32:55.558000,com.huawei.android.launcher
2023-12-20 22:34:47.491000,com.snapchat.android
2023-12-20 22:44:01.849000,com.instagram.android
2023-12-20 22:51:02.517000,com.bereal.ft
2023-12-20 22:51:25.032000,com.huawei.android.launcher
2023-12-20 23:01:34.378000,com.instagram.android
2023-12-20 23:06:35.410000,org.thoughtcrime.securesms
2023-12-20 23:10:05.406000,com.huawei.android.launcher
2023-12-20 23:21:50.047000,org.thoughtcrime.securesms
2023-12-20 23:21:57.300000,com.instagram.android
2023-12-20 23:27:22.099000,com.huawei.android.launcher
2023-12-20 23:42:18.017000,com.discord
2023-12-20 23:42:48.111000,com.huawei.android.launcher
1970-01-01 01:00:00.000000,com.android.deskclock
2023-12-21 00:12:34.078000,com.huawei.android.launcher
2023-12-21 00:14:44.520000,com.android.deskclock
2023-12-21 00:22:51.882000,com.huawei.android.launcher
2023-12-21 00:24:05.186000,com.instagram.android
2023-12-21 00:43:30.438000,com.huawei.android.launcher
2023-12-21 07:41:47.252000,com.huawei.android.launcher
2023-12-21 07:42:36.201000,com.android.deskclock
2023-12-21 08:13:54.197000,com.huawei.android.launcher
2023-12-21 08:17:31.395000,com.snapchat.android
2023-12-21 08:18:56.929000,com.whatsapp
2023-12-21 08:19:39.256000,com.instagram.android
2023-12-21 08:27:08.722000,com.example.nextapp
2023-12-21 08:27:13.952000,com.huawei.android.launcher
2023-12-21 08:36:30.195000,com.whatsapp
2023-12-21 08:40:04.634000,com.ecosia.android
2023-12-21 08:41:05.811000,com.huawei.android.launcher
2023-12-21 08:44:42.231000,com.huawei.iconnect
2023-12-21 08:44:47.434000,com.huawei.android.launcher
2023-12-21 08:45:43.508000,deezer.android.app
2023-12-21 08:48:29.691000,com.example.firstapp
2023-12-21 08:48:42.185000,com.jcdecaux.vls.ljubljana
2023-12-21 09:07:21.067000,com.snapchat.android
2023-12-21 09:08:22.414000,com.huawei.android.launcher
2023-12-21 09:15:12.438000,com.discord
2023-12-21 09:15:30.191000,com.huawei.android.launcher
2023-12-21 09:17:12.048000,com.discord
2023-12-21 09:18:00.539000,com.snapchat.android
2023-12-21 09:18:24.051000,com.huawei.android.launcher
2023-12-21 09:29:46.146000,com.snapchat.android
2023-12-21 09:30:03.553000,com.huawei.android.launcher
2023-12-21 09:39:57.714000,com.instagram.android
2023-12-21 09:40:28.647000,com.huawei.android.launcher
2023-12-21 09:40:52.989000,com.instagram.android
2023-12-21 09:44:06.266000,com.bereal.ft
2023-12-21 09:44:48.201000,com.huawei.android.launcher
2023-12-21 09:59:35.072000,com.instagram.android
2023-12-21 09:59:58.813000,com.crater.bbtan
2023-12-21 10:00:47.335000,com.huawei.android.launcher
2023-12-21 10:02:18.502000,com.snapchat.android
2023-12-21 10:02:38.447000,com.huawei.android.launcher
2023-12-21 10:04:11.916000,com.crater.bbtan
2023-12-21 10:09:18.598000,com.huawei.android.launcher
2023-12-21 10:13:52.147000,com.google.android.apps.maps
2023-12-21 10:14:40.472000,com.google.android.gms
2023-12-21 10:14:54.816000,com.jcdecaux.vls.ljubljana
2023-12-21 10:15:05.762000,com.margento.studentskaprehrana
2023-12-21 10:16:10.128000,com.google.android.apps.maps
2023-12-21 10:16:20.529000,com.margento.studentskaprehrana
2023-12-21 10:17:33.045000,com.facebook.orca
2023-12-21 10:18:12.738000,com.huawei.android.launcher
2023-12-21 10:22:15.016000,com.instagram.android
2023-12-21 10:26:24.752000,com.huawei.android.launcher
2023-12-21 10:26:55.008000,com.instagram.android
2023-12-21 10:29:35.894000,com.huawei.android.launcher
2023-12-21 10:29:50.667000,com.crater.bbtan
2023-12-21 10:32:13.531000,com.huawei.hisuite
2023-12-21 10:37:45.579000,com.google.android.permissioncontroller
2023-12-21 10:38:05.052000,com.android.settings
2023-12-21 10:38:49.440000,com.huawei.hisuite
2023-12-21 10:38:53.449000,flwr.android_client
2023-12-21 10:39:31.184000,com.huawei.android.launcher
2023-12-21 10:39:43.770000,flwr.android_client
2023-12-21 11:01:37.255000,com.huawei.android.launcher
2023-12-21 11:04:13.191000,org.thoughtcrime.securesms
2023-12-21 11:04:28.491000,com.facebook.orca
2023-12-21 11:04:43.212000,com.huawei.android.launcher
2023-12-21 11:06:01.400000,org.thoughtcrime.securesms
2023-12-21 11:06:17.885000,com.huawei.android.launcher
2023-12-21 11:11:14.992000,com.margento.studentskaprehrana
2023-12-21 11:12:55.132000,com.google.android.googlequicksearchbox
2023-12-21 11:13:10.214000,com.margento.studentskaprehrana
2023-12-21 11:46:44.573000,org.thoughtcrime.securesms
2023-12-21 11:47:05.560000,com.huawei.android.totemweather
2023-12-21 11:47:10.359000,com.crater.bbtan
2023-12-21 11:50:56.057000,com.huawei.android.launcher
2023-12-21 11:53:22.785000,com.google.android.apps.maps
2023-12-21 11:58:17.533000,com.huawei.android.launcher
2023-12-21 11:58:38.949000,com.margento.urbanaplus
2023-12-21 11:59:28.944000,com.google.android.apps.maps
2023-12-21 12:01:57.917000,com.snapchat.android
2023-12-21 12:03:01.288000,com.google.android.apps.maps
2023-12-21 12:07:43.328000,com.huawei.android.launcher
2023-12-21 12:08:02.602000,com.google.android.apps.maps
2023-12-21 12:11:40.177000,com.snapchat.android
2023-12-21 12:12:26.897000,com.google.android.apps.maps
2023-12-21 12:16:03.115000,com.huawei.android.launcher
2023-12-21 12:18:00.036000,com.snapchat.android
2023-12-21 12:19:29.408000,com.huawei.android.launcher
2023-12-21 12:19:33.469000,com.google.android.apps.maps
2023-12-21 12:19:49.022000,com.android.contacts
2023-12-21 12:20:03.080000,com.google.android.apps.maps
2023-12-21 12:21:42.804000,com.facebook.orca
2023-12-21 12:24:42.396000,com.example.nextapp
2023-12-21 12:24:52.962000,com.discord
2023-12-21 12:25:01.498000,com.huawei.android.launcher
2023-12-21 12:29:58.890000,com.snapchat.android
2023-12-21 15:04:32.814000,com.example.nextapp
2023-12-21 15:04:38.180000,com.snapchat.android
2023-12-21 15:10:34.943000,com.huawei.android.launcher
2023-12-21 15:16:19.553000,com.whatsapp
2023-12-21 15:16:38.319000,com.huawei.android.launcher
2023-12-21 15:22:18.282000,com.whatsapp
2023-12-21 15:22:35.824000,com.google.android.apps.maps
2023-12-21 15:24:06.525000,com.huawei.android.launcher
2023-12-21 15:25:37.008000,com.whatsapp
2023-12-21 15:27:29.832000,com.discord
2023-12-21 15:27:52.900000,com.ecosia.android
2023-12-21 15:28:23.322000,com.huawei.android.launcher
2023-12-21 15:28:35.418000,com.ecosia.android
2023-12-21 15:28:50.590000,com.discord
2023-12-21 15:31:32.679000,com.huawei.android.launcher
2023-12-21 15:32:20.152000,com.instagram.android
2023-12-21 15:36:27.874000,com.huawei.android.launcher
2023-12-21 15:36:43.240000,deezer.android.app
2023-12-21 15:36:51.642000,com.google.android.apps.maps
2023-12-21 15:40:38.169000,com.crater.bbtan
2023-12-21 15:43:29.155000,com.margento.urbanaplus
2023-12-21 15:44:13.745000,com.huawei.android.launcher
2023-12-21 15:44:35.640000,com.crater.bbtan
2023-12-21 15:54:06.346000,com.google.android.youtube
2023-12-21 16:42:02.550000,com.snapchat.android
2023-12-21 16:42:32.788000,com.huawei.android.launcher
2023-12-21 16:43:05.622000,com.snapchat.android
2023-12-21 16:43:16.504000,com.instagram.android
2023-12-21 16:47:46.584000,com.android.deskclock
2023-12-21 17:18:28.266000,com.instagram.android
2023-12-21 17:38:52.415000,com.snapchat.android
2023-12-21 17:39:39.999000,com.instagram.android
2023-12-21 17:46:47.869000,com.android.vending
2023-12-21 17:47:33.105000,com.qqlabs.minimalistlauncher
2023-12-21 17:50:05.883000,com.android.settings
2023-12-21 17:50:20.528000,com.qqlabs.minimalistlauncher
2023-12-21 17:52:20.095000,com.android.settings
2023-12-21 17:52:33.039000,com.huawei.android.launcher
2023-12-21 17:52:39.773000,com.instagram.android
2023-12-21 18:01:57.825000,com.discord
2023-12-21 18:02:12.391000,com.snapchat.android
2023-12-21 18:02:40.259000,com.huawei.android.launcher
2023-12-21 18:03:59.601000,com.google.android.apps.maps
2023-12-21 18:04:23.359000,com.huawei.android.launcher
2023-12-21 18:04:26.801000,com.snapchat.android
2023-12-21 18:06:38.073000,org.thoughtcrime.securesms
2023-12-21 18:08:23.743000,com.whatsapp
2023-12-21 18:08:29.520000,org.thoughtcrime.securesms
2023-12-21 18:11:41.745000,com.whatsapp
2023-12-21 18:19:25.828000,com.huawei.android.launcher
2023-12-21 18:19:35.529000,com.whatsapp
2023-12-21 18:24:30.474000,deezer.android.app
2023-12-21 18:25:58.063000,com.whatsapp
2023-12-21 18:43:58.557000,com.google.android.apps.docs.editors.sheets
2023-12-21 18:44:16.394000,com.whatsapp
2023-12-21 18:47:15.489000,com.huawei.android.launcher
2023-12-21 18:47:38.748000,com.whatsapp
2023-12-21 19:09:57.492000,com.huawei.android.launcher
2023-12-21 19:10:10.209000,com.snapchat.android
2023-12-21 19:10:36.686000,com.facebook.orca
2023-12-21 19:12:52.334000,com.snapchat.android
2023-12-21 19:13:13.888000,com.huawei.android.launcher
2023-12-21 19:13:54.431000,com.facebook.orca
2023-12-21 19:14:40.798000,com.huawei.camera
2023-12-21 19:15:15.097000,com.huawei.android.launcher
2023-12-21 19:16:13.100000,com.huawei.camera
2023-12-21 19:16:44.645000,com.android.gallery3d
2023-12-21 19:16:58.109000,com.google.android.apps.maps
2023-12-21 19:17:20.304000,com.huawei.android.launcher
2023-12-21 19:26:36.714000,com.ecosia.android
2023-12-21 19:27:12.271000,com.huawei.android.launcher
2023-12-21 19:30:08.907000,com.margento.studentskaprehrana
2023-12-21 19:31:09.952000,com.huawei.android.launcher
2023-12-21 19:31:13.047000,com.snapchat.android
2023-12-21 19:42:13.072000,org.thoughtcrime.securesms
2023-12-21 19:42:28.233000,com.bereal.ft
2023-12-21 19:44:45.243000,com.facebook.orca
2023-12-21 19:45:01.351000,com.huawei.android.launcher
2023-12-21 19:48:12.510000,com.facebook.orca
2023-12-21 19:48:17.099000,com.bereal.ft
2023-12-21 19:49:13.207000,com.huawei.android.launcher
2023-12-21 19:52:17.381000,com.facebook.orca
2023-12-21 19:52:38.046000,com.huawei.android.launcher
2023-12-21 19:54:11.708000,com.facebook.orca
2023-12-21 19:54:53.537000,com.huawei.android.launcher
2023-12-21 19:56:33.642000,com.snapchat.android
2023-12-21 19:57:19.849000,org.thoughtcrime.securesms
2023-12-21 19:57:24.941000,com.huawei.android.launcher
2023-12-21 20:01:50.835000,com.whatsapp
2023-12-21 20:02:00.844000,com.huawei.android.launcher
2023-12-21 20:13:58.427000,com.margento.studentskaprehrana
2023-12-21 20:14:18.703000,com.huawei.android.launcher
2023-12-21 20:19:56.489000,com.margento.studentskaprehrana
2023-12-21 20:25:30.126000,com.snapchat.android
2023-12-21 20:58:30.288000,org.thoughtcrime.securesms
2023-12-21 20:58:48.814000,com.huawei.android.launcher
2023-12-21 21:11:53.450000,com.snapchat.android
2023-12-21 21:24:40.161000,com.instagram.android
2023-12-21 21:24:59.110000,com.huawei.android.launcher
2023-12-21 21:39:32.388000,com.instagram.android
2023-12-21 21:42:19.383000,com.huawei.android.launcher
2023-12-21 21:52:40.335000,com.ecosia.android
2023-12-21 21:53:00.283000,com.huawei.android.launcher
2023-12-21 23:09:24.426000,com.ecosia.android
2023-12-21 23:10:09.380000,com.crater.bbtan
2023-12-21 23:13:58.403000,com.huawei.android.launcher
2023-12-21 23:19:38.669000,com.huawei.camera
2023-12-21 23:30:49.943000,com.huawei.android.launcher
2023-12-21 23:30:51.788000,com.android.calendar
2023-12-21 23:34:12.861000,com.airbnb.android
2023-12-21 23:35:45.950000,com.android.settings
2023-12-21 23:35:58.757000,com.huawei.android.launcher
2023-12-22 00:02:17.553000,com.google.android.youtube
2023-12-22 00:04:14.941000,com.huawei.android.launcher
2023-12-22 00:04:23.582000,com.android.deskclock
2023-12-22 00:04:43.406000,com.huawei.android.launcher
2023-12-22 00:15:09.139000,com.google.android.apps.maps
2023-12-22 00:17:40.464000,com.discord
2023-12-22 00:18:10.171000,com.ecosia.android
2023-12-22 00:20:56.420000,com.airbnb.android
2023-12-22 00:26:45.499000,com.huawei.android.launcher
2023-12-22 00:46:45.823000,com.whatsapp
2023-12-22 00:47:02.991000,com.whatsapp
2023-12-22 00:47:44.446000,com.snapchat.android
2023-12-22 00:50:54.722000,com.huawei.android.launcher
2023-12-22 00:53:04.709000,com.instagram.android
2023-12-22 00:54:37.322000,com.facebook.orca
2023-12-22 00:54:57.743000,com.instagram.android
2023-12-22 01:01:01.632000,com.facebook.orca
2023-12-22 01:01:21.672000,com.instagram.android
2023-12-22 01:29:56.208000,deezer.android.app
2023-12-22 01:34:56.782000,com.crater.bbtan
2023-12-22 01:49:24.868000,com.huawei.android.launcher
2023-12-22 01:55:26.613000,com.whatsapp
2023-12-22 01:55:39.690000,com.crater.bbtan
2023-12-22 01:56:26.149000,com.google.android.apps.messaging
2023-12-22 01:57:03.900000,com.google.android.gm
2023-12-22 01:57:24.683000,si.ventocom.hot
2023-12-22 01:58:59.417000,com.ecosia.android
2023-12-22 01:59:32.828000,si.ventocom.hot
2023-12-22 02:00:14.995000,com.instagram.android
2023-12-22 02:02:47.486000,deezer.android.app
2023-12-22 02:07:54.704000,com.crater.bbtan
2023-12-22 02:18:55.368000,com.crater.bbtan
2023-12-22 02:22:54.817000,deezer.android.app
2023-12-22 02:22:59.815000,com.huawei.android.launcher
2023-12-22 02:22:59.815000,com.huawei.android.launcher
2023-12-22 02:22:59.815000,com.huawei.android.launcher
2023-12-22 09:47:01.459000,com.snapchat.android
2023-12-22 09:55:20.054000,com.android.deskclock
2023-12-22 10:46:40.349000,com.whatsapp
2023-12-22 10:47:28.240000,com.instagram.android
2023-12-22 11:40:26.243000,com.whatsapp
2023-12-22 11:41:46.796000,com.bereal.ft
2023-12-22 11:42:27.605000,com.facebook.orca
2023-12-22 11:43:22.703000,com.huawei.android.launcher
2023-12-22 11:51:24.805000,com.whatsapp
2023-12-22 11:51:34.732000,com.whatsapp
2023-12-22 11:51:40.747000,com.snapchat.android
2023-12-22 12:16:57.472000,com.google.android.apps.maps
2023-12-22 12:17:17.117000,com.huawei.android.launcher
2023-12-22 12:17:52.196000,com.snapchat.android
2023-12-22 12:23:10.095000,com.whatsapp
2023-12-22 12:24:48.924000,com.huawei.camera
2023-12-22 12:25:47.543000,com.android.gallery3d
2023-12-22 12:25:51.734000,com.huawei.camera
2023-12-22 12:26:18.883000,com.whatsapp
2023-12-22 12:29:31.018000,com.instagram.android
2023-12-22 12:33:13.007000,com.snapchat.android
2023-12-22 12:33:43.432000,com.facebook.orca
2023-12-22 12:35:35.295000,com.snapchat.android
2023-12-22 12:35:52.571000,com.instagram.android
2023-12-22 12:56:35.408000,com.bereal.ft
2023-12-22 12:56:50.689000,com.whatsapp
2023-12-22 12:57:22.608000,com.snapchat.android
2023-12-22 13:31:55.551000,com.huawei.android.launcher
2023-12-22 13:33:37.246000,com.example.nextapp
2023-12-22 13:33:53.170000,com.audible.application
2023-12-22 13:37:46.878000,com.whatsapp
2023-12-22 13:38:02.896000,com.huawei.android.launcher
2023-12-22 13:58:18.336000,com.crater.bbtan
2023-12-22 13:58:58.095000,com.huawei.android.launcher
2023-12-22 14:15:30.508000,com.crater.bbtan
2023-12-22 14:36:13.684000,com.huawei.android.launcher
2023-12-22 14:40:10.388000,com.instagram.android
2023-12-22 14:41:29.123000,com.huawei.android.launcher
2023-12-22 14:46:07.964000,com.crater.bbtan
2023-12-22 14:48:31.782000,com.huawei.android.launcher
2023-12-22 14:51:03.642000,com.crater.bbtan
2023-12-22 14:53:47.058000,com.huawei.android.launcher
2023-12-22 15:01:32.452000,com.google.android.apps.maps
2023-12-22 15:02:20.948000,com.huawei.android.launcher
2023-12-22 15:09:12.424000,com.bereal.ft
2023-12-22 15:10:22.314000,com.huawei.android.launcher
2023-12-22 15:12:10.609000,com.ecosia.android
2023-12-22 15:13:18.013000,com.audible.application
2023-12-22 15:13:32.885000,com.huawei.android.launcher
2023-12-22 15:21:18.417000,com.ecosia.android
2023-12-22 15:22:04.242000,com.huawei.android.launcher
2023-12-22 15:32:43.398000,com.ecosia.android
2023-12-22 15:33:01.023000,com.huawei.android.launcher
2023-12-22 15:48:54.258000,com.snapchat.android
2023-12-22 15:49:16.948000,com.huawei.android.launcher
2023-12-22 16:07:38.250000,com.bereal.ft
2023-12-22 16:07:50.960000,com.crater.bbtan
2023-12-22 16:16:06.142000,com.huawei.android.launcher
2023-12-22 16:53:14.506000,com.discord
2023-12-22 16:53:44.472000,com.audible.application
2023-12-22 17:02:27.292000,com.instagram.android
2023-12-22 17:02:49.357000,com.discord
2023-12-22 17:03:03.938000,com.snapchat.android
2023-12-22 17:05:45.094000,com.audible.application
2023-12-22 17:06:20.968000,com.facebook.orca
2023-12-22 17:07:06.594000,com.huawei.android.launcher
2023-12-22 17:11:10.387000,com.snapchat.android
2023-12-22 17:11:24.199000,com.huawei.android.launcher
2023-12-22 17:12:27.285000,com.crater.bbtan
2023-12-22 17:38:12.242000,com.facebook.orca
2023-12-22 17:38:51.356000,com.bereal.ft
2023-12-22 17:39:33.062000,com.instagram.android
2023-12-22 17:42:10.558000,com.audible.application
2023-12-22 18:02:47.554000,com.snapchat.android
2023-12-22 18:11:56.000000,com.facebook.orca
2023-12-22 18:12:59.176000,com.instagram.android
2023-12-22 18:17:51.920000,com.huawei.android.launcher
2023-12-22 18:18:49.298000,com.whatsapp
2023-12-22 18:19:25.138000,com.huawei.android.launcher
2023-12-22 18:22:06.738000,com.facebook.orca
2023-12-22 18:25:09.133000,com.huawei.android.launcher
2023-12-22 18:31:15.523000,com.whatsapp
2023-12-22 18:32:46.292000,com.huawei.android.launcher
2023-12-22 18:46:34.427000,com.instagram.android
2023-12-22 18:48:46.987000,com.huawei.android.launcher
2023-12-22 18:49:28.200000,com.facebook.orca
2023-12-22 18:50:38.011000,com.huawei.android.launcher
2023-12-22 18:52:50.158000,com.instagram.android
2023-12-22 18:53:49.441000,com.audible.application
2023-12-22 19:09:49.621000,com.huawei.android.launcher
2023-12-22 19:11:00.156000,com.facebook.orca
2023-12-22 19:12:20.748000,com.discord
2023-12-22 19:13:05.917000,com.instagram.android
2023-12-22 19:16:01.827000,com.huawei.android.launcher
2023-12-22 19:16:22.342000,com.google.android.apps.docs.editors.sheets
2023-12-22 19:17:22.826000,com.huawei.android.launcher
2023-12-22 19:28:43.022000,com.snapchat.android
2023-12-22 19:33:13.991000,com.example.nextapp
2023-12-22 19:33:49.121000,com.audible.application
2023-12-22 19:34:01.191000,com.ecosia.android
2023-12-22 19:35:12.670000,com.huawei.android.launcher
2023-12-22 19:40:34.962000,com.crater.bbtan
2023-12-22 19:44:23.476000,com.huawei.android.launcher
2023-12-22 19:45:08.540000,com.crater.bbtan
2023-12-22 19:45:22.977000,com.audible.application
2023-12-22 20:00:28.241000,com.snapchat.android
2023-12-22 20:15:26.842000,com.example.nextapp
2023-12-22 20:16:26.365000,com.audible.application
2023-12-22 20:17:41.161000,com.android.settings
2023-12-22 20:26:57.359000,com.snapchat.android
2023-12-22 20:27:01.172000,com.huawei.android.launcher
2023-12-22 20:34:06.132000,com.snapchat.android
2023-12-22 20:37:12.426000,com.huawei.android.launcher
2023-12-22 20:49:41.480000,com.bereal.ft
2023-12-22 20:50:35.353000,com.huawei.android.launcher
2023-12-22 21:04:01.627000,com.huawei.systemmanager
2023-12-22 21:04:11.090000,com.google.android.apps.docs
2023-12-22 21:04:39.775000,com.huawei.camera
2023-12-22 21:05:34.243000,com.google.android.apps.photos
2023-12-22 22:00:53.309000,com.crater.bbtan
2023-12-22 22:01:19.132000,com.google.android.apps.docs.editors.sheets
2023-12-22 22:01:36.787000,com.huawei.android.launcher
2023-12-22 22:41:35.728000,com.facebook.orca
2023-12-22 22:41:54.840000,com.huawei.android.launcher
2023-12-22 22:45:00.098000,com.crater.bbtan
2023-12-22 22:58:45.605000,com.android.vending
2023-12-22 22:58:54.131000,com.crater.bbtan
2023-12-22 23:01:47.553000,com.huawei.android.launcher
2023-12-22 23:08:19.310000,com.bereal.ft
2023-12-22 23:09:22.623000,com.huawei.android.launcher
2023-12-22 23:18:22.046000,com.facebook.orca
2023-12-22 23:18:37.059000,com.instagram.android
2023-12-22 23:35:51.043000,deezer.android.app
2023-12-22 23:38:58.896000,com.example.nextapp
2023-12-22 23:39:07.017000,deezer.android.app
2023-12-22 23:45:07.769000,com.google.android.gms
2023-12-22 23:45:20.363000,deezer.android.app
2023-12-22 23:58:15.895000,com.bereal.ft
2023-12-22 23:58:36.599000,deezer.android.app
2023-12-23 00:01:33.171000,com.crater.bbtan
2023-12-23 00:03:31.921000,deezer.android.app
2023-12-23 00:06:33.643000,com.huawei.android.launcher
2023-12-23 00:07:47.235000,com.crater.bbtan
2023-12-23 00:08:12.201000,com.huawei.android.launcher
2023-12-23 00:09:41.789000,deezer.android.app
2023-12-23 00:31:45.342000,com.snapchat.android
2023-12-23 00:32:06.510000,com.huawei.android.launcher
2023-12-23 00:55:18.550000,deezer.android.app
2023-12-23 01:08:01.978000,com.huawei.android.launcher
2023-12-23 01:19:12.871000,com.android.deskclock
2023-12-23 01:19:56.097000,org.iggymedia.periodtracker
2023-12-23 01:34:35.111000,com.example.nextapp
2023-12-23 01:34:45.669000,com.instagram.android
2023-12-23 02:15:28.618000,com.huawei.android.launcher
2023-12-23 11:16:02.668000,com.example.nextapp
2023-12-23 11:16:16.845000,com.instagram.android
2023-12-23 11:18:46.407000,com.discord
2023-12-23 11:19:03.042000,com.instagram.android
2023-12-23 11:35:08.663000,com.example.nextapp
2023-12-23 11:35:16.027000,com.crater.bbtan
2023-12-23 11:42:00.184000,com.instagram.android
2023-12-23 11:42:51.845000,com.google.android.apps.maps
2023-12-23 11:43:26.975000,com.ecosia.android
2023-12-23 11:44:37.495000,com.android.chrome
2023-12-23 11:45:17.701000,com.google.android.apps.maps
2023-12-23 11:45:54.381000,com.huawei.android.launcher
2023-12-23 11:46:00.980000,deezer.android.app
2023-12-23 12:00:56.797000,com.snapchat.android
2023-12-23 12:01:54.976000,com.instagram.android
2023-12-23 12:23:36.757000,com.google.android.apps.maps
2023-12-23 12:24:10.421000,deezer.android.app
2023-12-23 12:26:17.156000,com.huawei.android.launcher
2023-12-23 12:26:17.644000,com.ecosia.android
2023-12-23 12:27:31.246000,com.huawei.android.launcher
2023-12-23 12:30:45.768000,com.instagram.android
2023-12-23 12:31:22.605000,com.snapchat.android
2023-12-23 12:34:46.824000,com.bereal.ft
2023-12-23 12:35:47.651000,com.huawei.android.launcher
2023-12-23 12:36:12.069000,com.facebook.orca
2023-12-23 12:36:56.605000,com.tribab.tricount.android
2023-12-23 12:37:42.863000,com.huawei.android.launcher
2023-12-23 12:47:57.077000,org.thoughtcrime.securesms
2023-12-23 12:48:16.879000,com.huawei.android.launcher
2023-12-23 12:52:02.699000,com.crater.bbtan
2023-12-23 12:52:47.849000,com.discord
2023-12-23 12:53:59.293000,com.huawei.android.launcher
2023-12-23 12:54:48.532000,com.discord
2023-12-23 12:55:18.567000,com.huawei.android.launcher
2023-12-23 12:59:48.131000,com.discord
2023-12-23 13:00:51.513000,com.huawei.android.launcher
2023-12-23 13:01:29.896000,com.discord
2023-12-23 13:02:18.021000,com.huawei.android.launcher
2023-12-23 13:04:19.939000,com.discord
2023-12-23 13:05:06.310000,com.bereal.ft
2023-12-23 13:05:26.862000,com.snapchat.android
2023-12-23 13:05:57.046000,com.discord
2023-12-23 13:06:15.523000,com.crater.bbtan
2023-12-23 13:23:01.025000,com.example.nextapp
2023-12-23 13:23:10.530000,com.audible.application
2023-12-23 13:23:23.059000,com.discord
2023-12-23 13:23:40.257000,com.huawei.android.launcher
2023-12-23 13:25:45.513000,com.whatsapp
2023-12-23 13:26:23.518000,com.discord
2023-12-23 13:26:34.415000,com.huawei.android.launcher
2023-12-23 13:32:25.603000,com.discord
2023-12-23 13:41:19.179000,com.snapchat.android
2023-12-23 13:42:01.344000,com.facebook.orca
2023-12-23 13:42:30.397000,com.huawei.android.launcher
2023-12-23 14:00:15.984000,com.google.android.apps.maps
2023-12-23 14:00:38.156000,com.huawei.android.launcher
2023-12-23 14:11:18.897000,com.snapchat.android
2023-12-23 14:22:17.344000,com.snapchat.android
2023-12-23 14:22:31.215000,com.bereal.ft
2023-12-23 14:22:54.681000,com.facebook.orca
2023-12-23 14:23:43.329000,com.huawei.android.launcher
2023-12-23 14:23:43.447000,com.crater.bbtan
                                               2023-12-23 16:01:14.415000,com.example.nextapp
2023-12-23 16:01:44.900000,com.huawei.android.launcher
2023-12-23 16:03:21.929000,com.jcdecaux.vls.ljubljana
2023-12-23 16:17:32.751000,com.huawei.camera
2023-12-23 16:18:34.997000,com.huawei.scanner
2023-12-23 16:19:03.719000,com.ecosia.android
2023-12-23 16:21:43.445000,com.huawei.android.launcher
2023-12-23 16:24:37.850000,com.ecosia.android
2023-12-23 16:26:45.180000,com.huawei.camera
2023-12-23 16:26:45.180000,com.huawei.camera
2023-12-23 16:27:04.079000,com.snapchat.android
2023-12-23 16:27:37.149000,com.huawei.android.launcher
2023-12-23 16:27:41.175000,com.ecosia.android
2023-12-23 16:28:20.603000,com.huawei.android.launcher
2023-12-23 16:29:17.213000,com.ecosia.android
2023-12-23 16:30:13.213000,com.google.android.gm
2023-12-23 16:31:02.966000,com.snapchat.android
2023-12-23 16:32:14.250000,com.huawei.android.launcher
2023-12-23 16:32:45.370000,com.ecosia.android
2023-12-23 16:42:55.837000,com.huawei.camera
2023-12-23 16:43:16.209000,com.android.gallery3d
2023-12-23 16:43:29.251000,com.airbnb.android
2023-12-23 16:43:47.903000,com.google.android.apps.maps
2023-12-23 16:45:41.777000,com.ecosia.android
2023-12-23 16:48:12.044000,com.huawei.camera
2023-12-23 16:48:25.845000,com.ecosia.android
2023-12-23 16:51:01.803000,com.huawei.android.launcher
2023-12-23 16:51:17.946000,com.adobe.reader
2023-12-23 16:51:54.538000,com.huawei.camera
2023-12-23 16:52:18.262000,com.adobe.reader
2023-12-23 16:52:42.028000,com.ecosia.android
2023-12-23 16:56:10.952000,com.google.android.apps.maps
2023-12-23 17:00:19.090000,com.ecosia.android
2023-12-23 17:00:59.413000,com.google.android.apps.maps
2023-12-23 17:04:55.123000,com.ecosia.android
2023-12-23 17:05:26.355000,com.huawei.android.launcher
2023-12-23 17:10:55.627000,com.ecosia.android
2023-12-23 17:12:07.924000,com.huawei.android.launcher
2023-12-23 17:30:23.269000,com.whatsapp
2023-12-23 17:32:50.170000,com.android.contacts
2023-12-23 17:33:05.333000,com.google.android.apps.messaging
2023-12-23 17:35:10.624000,com.huawei.android.launcher
2023-12-23 17:37:01.205000,com.discord
2023-12-23 17:37:13.680000,com.snapchat.android
2023-12-23 17:44:01.606000,com.huawei.android.launcher
2023-12-23 18:13:00.160000,com.instagram.android
2023-12-23 18:14:11.615000,com.huawei.android.launcher
2023-12-23 18:28:46.974000,com.whatsapp
2023-12-23 18:31:27.077000,com.instagram.android
2023-12-23 18:33:30.595000,com.facebook.orca
2023-12-23 18:34:19.390000,com.instagram.android
2023-12-23 18:43:52.456000,com.huawei.android.launcher
2023-12-23 18:45:16.875000,com.audible.application
2023-12-23 18:45:29.665000,com.bereal.ft
2023-12-23 18:46:02.412000,com.crater.bbtan
2023-12-23 18:47:45.532000,com.crater.bbtan
2023-12-23 23:37:07.516000,com.example.nextapp
2023-12-23 23:37:13.879000,com.huawei.android.launcher
2023-12-23 23:44:22.361000,com.snapchat.android
2023-12-23 23:45:00.672000,com.huawei.android.launcher
2023-12-23 23:47:08.949000,com.audible.application
1970-01-01 01:00:00.000000,com.android.deskclock
1970-01-01 01:00:00.000000,com.huawei.lbs
1970-01-01 01:00:00.000000,com.android.providers.contacts
2023-12-24 00:49:44.327000,com.audible.application
2023-12-24 00:49:57.194000,com.whatsapp
2023-12-24 00:50:12.219000,com.huawei.android.launcher
2023-12-24 00:59:47.726000,com.snapchat.android
2023-12-24 01:03:01.389000,com.huawei.android.launcher
2023-12-24 01:03:03.070000,com.crater.bbtan
2023-12-29 12:23:25.317000,com.android.settings
2023-12-29 12:24:26.955000,com.example.nextapp
2023-12-29 12:24:34.141000,com.instagram.android
2023-12-29 12:24:57.786000,com.whatsapp
2023-12-29 12:25:24.797000,com.huawei.filemanager
2023-12-29 12:25:44.010000,com.discord
