2023-12-23 21:14:51.175000,com.example.nextapp
2023-12-23 21:15:07.862000,com.android.settings
2023-12-23 21:20:45.478000,com.example.nextapp
2023-12-23 21:21:01.091000,com.android.settings.intelligence
2023-12-23 21:21:11.959000,com.android.settings
2023-12-23 21:22:01.709000,com.android.settings.intelligence
2023-12-23 21:22:44.286000,com.sec.android.app.camera
2023-12-23 21:23:23.010000,com.sec.android.app.launcher
2023-12-23 21:24:31.051000,com.sec.android.app.launcher
2023-12-23 21:24:31.051000,com.sec.android.app.launcher
2023-12-23 21:24:31.051000,com.sec.android.app.launcher
2023-12-23 21:24:31.051000,com.sec.android.app.launcher
2023-12-23 21:24:31.051000,com.sec.android.app.launcher
2023-12-23 21:24:31.051000,com.sec.android.app.launcher
2023-12-23 21:24:31.051000,com.sec.android.app.launcher
2023-12-24 09:22:44.012000,com.sec.android.app.camera
2023-12-24 09:52:34.817000,com.sec.android.app.camera
2023-12-24 11:11:43.773000,com.sec.android.app.camera
2023-12-24 14:10:53.962000,com.viber.voip
2023-12-24 14:11:07.086000,com.sec.android.app.launcher
2023-12-24 14:11:16.238000,com.sec.android.gallery3d
2023-12-24 14:13:09.585000,com.samsung.android.messaging
2023-12-24 14:13:14.467000,com.android.chrome
2023-12-24 14:15:47.388000,com.samsung.android.messaging
2023-12-24 14:16:11.624000,com.samsung.android.messaging
2023-12-24 14:16:17.778000,com.sec.android.gallery3d
2023-12-24 14:17:41.798000,com.android.chrome
2023-12-24 14:22:52.253000,com.sec.android.app.launcher
2023-12-24 14:24:03.196000,com.samsung.android.app.galaxyfinder
2023-12-24 14:49:49.985000,com.android.chrome
2023-12-24 14:50:52.078000,com.sec.android.app.launcher
2023-12-24 14:50:52.856000,com.android.chrome
2023-12-24 14:51:52.066000,com.sec.android.app.launcher
2023-12-24 14:52:04.525000,com.android.chrome
2023-12-24 14:54:16.588000,com.sec.android.app.launcher
2023-12-24 14:54:21.798000,com.sec.android.gallery3d
2023-12-24 14:54:55.015000,com.samsung.android.video
2023-12-24 14:55:31.016000,com.android.chrome
2023-12-24 14:57:46.743000,com.sec.android.app.launcher
2023-12-24 14:57:52.658000,com.android.chrome
2023-12-24 14:59:01.393000,com.sec.android.app.launcher
2023-12-24 15:00:53.757000,com.sec.android.gallery3d
2023-12-24 15:01:41.152000,com.samsung.android.messaging
2023-12-24 15:01:41.152000,com.samsung.android.messaging
2023-12-24 16:40:18.814000,com.samsung.android.dialer
2023-12-24 16:40:36.135000,com.sec.android.app.launcher
2023-12-24 16:40:48.129000,com.android.chrome
2023-12-24 16:41:52.202000,com.samsung.android.dialer
2023-12-24 18:15:08.165000,com.sec.android.gallery3d
2023-12-24 18:15:28.903000,com.sec.android.gallery3d
2023-12-24 20:24:55.128000,com.sec.android.app.launcher
2023-12-24 20:25:00.243000,com.sec.android.gallery3d
2023-12-25 08:37:59.178000,com.sec.android.gallery3d
2023-12-25 08:38:40.749000,com.android.chrome
2023-12-25 08:46:47.982000,com.sec.android.app.launcher
2023-12-25 08:46:52.865000,com.sec.android.gallery3d
2023-12-25 08:50:21.929000,com.samsung.android.messaging
2023-12-25 08:50:25.900000,com.sec.android.app.launcher
2023-12-25 09:03:38.407000,com.android.chrome
2023-12-25 09:05:16.549000,com.sec.android.app.launcher
2023-12-25 09:05:28.784000,com.samsung.android.incallui
2023-12-25 09:06:38.190000,com.sec.android.app.launcher
2023-12-25 09:13:02.554000,com.android.chrome
2023-12-25 09:13:38.508000,com.samsung.android.app.notes
2023-12-25 09:14:21.972000,com.android.chrome
2023-12-25 10:20:02.947000,com.sec.android.app.launcher
2023-12-25 10:20:17.885000,com.sec.android.gallery3d
2023-12-25 10:21:02.740000,com.viber.voip
2023-12-25 10:22:13.815000,com.sec.android.app.launcher
2023-12-25 10:33:39.999000,com.samsung.android.dialer
2023-12-25 10:33:51.803000,com.samsung.android.messaging
2023-12-25 10:46:41.318000,com.sec.android.gallery3d
2023-12-25 10:50:06.452000,com.samsung.android.messaging
2023-12-25 10:50:47.706000,com.sec.android.app.launcher
2023-12-25 10:51:02.545000,com.viber.voip
2023-12-25 10:51:31.126000,com.samsung.android.messaging
2023-12-25 10:51:41.412000,com.sec.android.gallery3d
2023-12-25 11:01:27.295000,com.samsung.android.messaging
2023-12-25 11:02:28.786000,com.samsung.android.messaging
2023-12-25 13:12:02.661000,com.sec.android.app.launcher
2023-12-25 13:12:37.825000,com.viber.voip
2023-12-25 13:13:00.355000,com.sec.android.app.launcher
2023-12-25 13:15:05.843000,com.android.chrome
2023-12-25 13:16:34.756000,com.sec.android.app.launcher
2023-12-25 13:16:45.026000,com.samsung.android.app.notes
2023-12-25 14:04:07.916000,com.android.chrome
2023-12-25 14:05:07.068000,com.sec.android.app.launcher
2023-12-25 14:05:22.187000,com.android.chrome
2023-12-25 14:07:42.502000,com.sec.android.app.launcher
2023-12-25 14:08:44.044000,com.sec.android.app.launcher
1970-01-01 01:00:00.000000,com.samsung.android.app.telephonyui
1970-01-01 01:00:00.000000,com.samsung.android.app.spage
2023-12-25 17:39:42.414000,com.sec.android.gallery3d
2023-12-25 17:40:00.350000,com.samsung.android.video
2023-12-25 17:40:02.330000,com.sec.android.gallery3d
2023-12-25 17:40:21.005000,com.samsung.android.video
2023-12-25 17:40:45.846000,com.sec.android.app.launcher
2023-12-25 18:07:43.745000,com.android.chrome
2023-12-25 18:11:29.763000,com.samsung.android.messaging
2023-12-25 18:45:27.297000,com.viber.voip
2023-12-25 19:14:35.873000,com.samsung.android.messaging
2023-12-25 19:14:43.489000,com.viber.voip
2023-12-25 19:23:17.620000,com.sec.android.app.launcher
2023-12-25 19:23:28.519000,com.samsung.android.messaging
2023-12-25 19:23:40.672000,com.android.chrome
2023-12-25 19:26:28.465000,com.samsung.android.messaging
2023-12-25 19:43:25.997000,com.android.chrome
2023-12-25 19:43:51.086000,com.pinkbike.trailforks
2023-12-25 19:44:31.078000,com.sec.android.app.launcher
2023-12-25 19:44:31.078000,com.sec.android.app.launcher
2023-12-25 23:00:07.238000,com.samsung.android.messaging
2023-12-25 23:00:26.125000,com.sec.android.app.launcher
2023-12-25 23:00:29.501000,com.android.chrome
2023-12-25 23:06:36.176000,com.sec.android.app.launcher
2023-12-25 23:07:20.588000,com.samsung.android.messaging
2023-12-25 23:07:38.496000,com.sec.android.gallery3d
2023-12-25 23:08:18.401000,com.sec.android.app.launcher
2023-12-25 23:08:38.229000,com.viber.voip
2023-12-25 23:09:49.550000,com.sec.android.app.launcher
2023-12-26 07:50:00.736000,com.viber.voip
2023-12-26 07:50:17.353000,com.samsung.android.dialer
2023-12-26 07:50:24.243000,com.samsung.android.messaging
2023-12-26 07:50:37.863000,com.android.chrome
2023-12-26 07:55:02.109000,com.sec.android.app.launcher
2023-12-26 07:55:04.363000,com.android.chrome
2023-12-26 07:57:03.236000,com.sec.android.app.launcher
2023-12-26 07:57:04.151000,com.android.chrome
2023-12-26 08:04:03.323000,com.samsung.android.messaging
2023-12-26 08:12:38.257000,com.sec.android.app.launcher
2023-12-26 08:13:07.379000,com.android.chrome
2023-12-26 08:57:14.554000,com.samsung.android.messaging
2023-12-26 08:57:43.886000,com.whatsapp
2023-12-26 08:59:13.800000,com.samsung.android.messaging
2023-12-26 08:59:27.349000,com.sec.android.app.launcher
2023-12-26 09:00:23.761000,com.sec.android.app.launcher
2023-12-26 09:00:32.673000,com.android.chrome
2023-12-26 09:00:54.633000,com.samsung.android.messaging
2023-12-26 09:39:13.240000,com.gamma.scan
2023-12-26 09:39:27.183000,com.android.chrome
2023-12-26 09:39:46.230000,com.sec.android.app.camera
2023-12-26 09:40:00.651000,com.sec.android.app.launcher
2023-12-26 09:48:51.759000,com.google.android.googlequicksearchbox
2023-12-26 09:49:23.639000,com.android.vending
2023-12-26 09:50:03.534000,com.gamma.scan
2023-12-26 09:50:12.989000,com.android.chrome
2023-12-26 09:50:36.070000,com.google.android.packageinstaller
2023-12-26 09:50:39.987000,com.sec.android.app.launcher
2023-12-26 09:51:12.164000,com.android.vending
2023-12-26 09:53:58.889000,com.teacapps.barcodescanner
2023-12-26 09:54:39.761000,com.android.documentsui
2023-12-26 09:54:53.395000,com.sec.android.app.launcher
2023-12-26 09:55:09.871000,com.teacapps.barcodescanner
2023-12-26 09:55:39.755000,com.sec.android.app.launcher
2023-12-26 10:02:51.727000,com.sec.android.app.launcher
2023-12-26 11:37:28.692000,com.whatsapp
2023-12-26 11:37:42.559000,com.android.chrome
2023-12-26 11:38:06.185000,com.sec.android.app.launcher
2023-12-26 11:38:19.036000,com.android.chrome
2023-12-26 11:38:52.169000,com.sec.android.app.launcher
2023-12-26 11:38:53.361000,com.samsung.android.messaging
2023-12-26 11:41:36.516000,com.sec.android.app.launcher
2023-12-26 11:42:49.763000,com.samsung.android.messaging
2023-12-26 11:43:20.673000,com.sec.android.app.launcher
2023-12-26 11:43:31.484000,com.samsung.android.app.spage
2023-12-26 12:04:25.622000,com.samsung.android.incallui
2023-12-26 12:10:16.941000,com.samsung.android.incallui
2023-12-26 12:18:26.604000,com.sec.android.app.launcher
2023-12-26 12:34:28.138000,com.samsung.android.messaging
2023-12-26 12:34:32.463000,com.sec.android.app.launcher
2023-12-26 12:45:28.912000,com.samsung.android.app.galaxyfinder
2023-12-26 12:46:00.542000,com.sec.android.app.launcher
2023-12-26 12:47:02.070000,com.samsung.android.dialer
2023-12-26 12:49:46.935000,com.sec.android.app.launcher
2023-12-26 12:58:44.658000,com.samsung.android.dialer
2023-12-26 12:59:02.568000,com.samsung.android.incallui
2023-12-26 13:06:58.040000,com.samsung.android.dialer
2023-12-26 13:07:58.491000,com.samsung.android.dialer
2023-12-26 13:43:48.363000,com.samsung.android.messaging
2023-12-26 13:44:58.735000,com.android.chrome
2023-12-26 14:00:59.846000,com.android.chrome
2023-12-26 14:16:17.447000,com.sec.android.app.launcher
2023-12-26 14:17:20.821000,com.sec.android.app.launcher
2023-12-26 14:51:11.747000,com.viber.voip
2023-12-26 14:52:29.088000,com.sec.android.app.launcher
2023-12-26 15:04:22.020000,com.samsung.android.dialer
2023-12-26 15:04:28.514000,com.samsung.android.incallui
2023-12-26 15:05:44.094000,com.samsung.android.dialer
2023-12-26 15:05:56.595000,com.samsung.android.incallui
2023-12-26 15:24:17.132000,com.samsung.android.messaging
2023-12-26 15:24:32.555000,com.sec.android.app.launcher
2023-12-26 15:25:32.798000,com.sec.android.app.launcher
2023-12-26 16:27:55.505000,com.samsung.android.messaging
2023-12-26 16:32:59.122000,com.android.chrome
2023-12-26 16:37:45.437000,com.sec.android.app.launcher
2023-12-26 16:37:50.558000,com.google.android.googlequicksearchbox
2023-12-26 16:38:03.806000,com.android.chrome
2023-12-26 16:38:26.010000,com.sec.android.app.launcher
1970-01-01 01:00:00.000000,com.android.chrome
1970-01-01 01:00:00.000000,com.samsung.android.app.spage
2023-12-26 16:57:51.287000,com.samsung.android.messaging
2023-12-26 16:58:27.538000,com.sec.android.app.launcher
2023-12-26 17:35:52.514000,com.samsung.android.messaging
2023-12-26 17:50:22.030000,com.whatsapp
2023-12-26 17:51:21.053000,com.samsung.android.messaging
2023-12-26 17:51:50.271000,com.sec.android.app.camera
2023-12-26 17:52:52.355000,com.samsung.android.messaging
2023-12-26 17:52:57.715000,com.sec.android.gallery3d
2023-12-26 17:53:43.012000,com.sec.android.app.launcher
2023-12-26 17:53:58.156000,com.whatsapp
2023-12-26 17:54:32.149000,com.sec.android.app.launcher
2023-12-26 17:54:46.962000,com.sec.android.app.camera
2023-12-26 18:01:42.043000,com.sec.android.app.launcher
2023-12-26 18:01:52.810000,com.whatsapp
2023-12-26 18:16:52.821000,com.sec.android.app.launcher
2023-12-26 18:16:52.821000,com.sec.android.app.launcher
2023-12-26 18:56:22.427000,com.samsung.android.messaging
2023-12-26 18:56:33.998000,com.whatsapp
2023-12-26 18:57:08.889000,com.samsung.android.messaging
2023-12-26 18:57:54.411000,com.whatsapp
2023-12-26 18:59:10.811000,com.sec.android.app.launcher
2023-12-26 18:59:14.470000,com.samsung.android.messaging
2023-12-26 19:03:15.032000,com.samsung.android.messaging
2023-12-26 19:04:25.903000,com.samsung.android.messaging
2023-12-26 19:53:58.805000,com.android.chrome
2023-12-26 19:54:34.925000,com.google.android.apps.maps
2023-12-26 19:56:32.270000,com.sec.android.app.launcher
2023-12-26 19:56:38.454000,com.sec.android.app.launcher
2023-12-26 19:56:38.454000,com.sec.android.app.launcher
2023-12-26 19:56:38.454000,com.sec.android.app.launcher
2023-12-26 19:56:38.454000,com.sec.android.app.launcher
2023-12-26 19:56:38.454000,com.sec.android.app.launcher
2023-12-27 07:35:46.045000,com.samsung.android.dialer
2023-12-27 07:35:55.956000,com.android.chrome
2023-12-27 07:36:31.663000,com.sec.android.app.launcher
2023-12-27 07:36:33.929000,com.android.chrome
2023-12-27 07:48:32.806000,com.samsung.android.messaging
2023-12-27 07:48:48.423000,com.whatsapp
2023-12-27 07:49:27.288000,com.android.chrome
2023-12-27 07:51:31.312000,com.sec.android.app.launcher
2023-12-27 07:51:35.782000,com.android.chrome
2023-12-27 08:00:47.125000,com.sec.android.app.launcher
2023-12-27 08:03:09.098000,com.android.chrome
2023-12-27 08:04:12.631000,com.sec.android.app.launcher
2023-12-27 08:04:17.808000,com.android.chrome
2023-12-27 08:06:11.624000,com.android.chrome
2023-12-27 08:22:19.356000,com.whatsapp
2023-12-27 08:22:49.309000,com.samsung.android.messaging
2023-12-27 08:22:56.922000,com.android.chrome
2023-12-27 08:24:18.114000,com.samsung.android.dialer
2023-12-27 08:24:25.475000,com.samsung.android.incallui
2023-12-27 08:25:30.796000,com.samsung.android.dialer
2023-12-27 08:25:55.867000,com.android.chrome
2023-12-27 08:27:01.347000,com.samsung.android.messaging
2023-12-27 08:27:19.897000,com.android.chrome
2023-12-27 08:32:32.489000,com.sec.android.app.launcher
2023-12-27 08:32:42.198000,com.android.chrome
2023-12-27 08:33:20.438000,com.samsung.android.app.notes
2023-12-27 08:33:47.213000,com.sec.android.app.launcher
2023-12-27 08:38:09.705000,com.sec.android.app.launcher
2023-12-27 09:24:17.301000,com.android.chrome
2023-12-27 09:25:06.161000,com.samsung.android.messaging
2023-12-27 09:44:13.403000,com.android.chrome
2023-12-27 10:26:59.741000,com.samsung.android.incallui
2023-12-27 10:27:05.508000,com.samsung.android.incallui
2023-12-27 11:01:23.625000,com.android.chrome
2023-12-27 11:01:40.853000,com.sec.android.app.launcher
2023-12-27 11:01:48.078000,com.whatsapp
2023-12-27 11:17:25.295000,com.samsung.android.dialer
2023-12-27 11:17:45.040000,com.samsung.android.incallui
2023-12-27 11:21:09.350000,com.samsung.android.dialer
2023-12-27 11:22:31.982000,com.samsung.android.app.contacts
2023-12-27 11:23:44.398000,com.sec.android.app.launcher
2023-12-27 11:27:08.149000,com.android.chrome
2023-12-27 11:31:23.263000,com.sec.android.app.launcher
2023-12-27 11:31:35.438000,com.samsung.android.incallui
2023-12-27 11:32:07.815000,com.samsung.android.dialer
2023-12-27 11:36:48.237000,com.samsung.android.incallui
2023-12-27 11:43:13.067000,com.sec.android.app.launcher
2023-12-27 11:43:26.803000,com.sec.android.app.camera
2023-12-27 11:47:46.037000,com.samsung.android.dialer
2023-12-27 11:47:52.252000,com.samsung.android.incallui
2023-12-27 11:48:24.121000,com.samsung.android.dialer
2023-12-27 11:52:35.194000,com.samsung.android.incallui
2023-12-27 11:55:22.660000,com.sec.android.app.launcher
2023-12-27 11:55:22.660000,com.sec.android.app.launcher
2023-12-27 13:05:35.442000,com.samsung.android.messaging
1970-01-01 01:00:00.000000,com.samsung.android.app.telephonyui
1970-01-01 01:00:00.000000,com.google.android.gms
2023-12-27 16:51:56.683000,com.samsung.android.messaging
2023-12-27 16:58:45.293000,com.sec.android.app.launcher
2023-12-27 16:59:09.573000,com.android.chrome
2023-12-27 17:02:33.191000,com.android.chrome
2023-12-27 17:03:27.324000,com.samsung.android.messaging
2023-12-27 17:03:41.159000,com.sec.android.app.launcher
2023-12-27 18:21:56.316000,com.samsung.android.messaging
2023-12-27 18:22:19.516000,com.android.chrome
2023-12-27 18:22:25.045000,com.sec.android.app.launcher
2023-12-27 18:22:39.052000,com.android.chrome
2023-12-27 19:19:07.417000,com.android.chrome
2023-12-27 20:08:14.290000,com.samsung.android.messaging
2023-12-27 20:08:28.938000,com.sec.android.app.launcher
2023-12-27 20:47:10.379000,com.sec.android.app.launcher
2023-12-27 20:47:10.379000,com.sec.android.app.launcher
2023-12-27 20:47:10.379000,com.sec.android.app.launcher
2023-12-27 20:47:10.379000,com.sec.android.app.launcher
2023-12-27 20:47:10.379000,com.sec.android.app.launcher
2023-12-27 20:47:10.379000,com.sec.android.app.launcher
2023-12-27 20:47:10.379000,com.sec.android.app.launcher
2023-12-27 20:47:10.379000,com.sec.android.app.launcher
2023-12-27 20:47:10.379000,com.sec.android.app.launcher
2023-12-27 20:47:10.379000,com.sec.android.app.launcher
2023-12-27 20:47:10.379000,com.sec.android.app.launcher
2023-12-27 20:47:10.379000,com.sec.android.app.launcher
2023-12-27 20:47:10.379000,com.sec.android.app.launcher
2023-12-27 20:47:10.379000,com.sec.android.app.launcher
2023-12-27 20:47:10.379000,com.sec.android.app.launcher
2023-12-27 20:47:10.379000,com.sec.android.app.launcher
2023-12-28 06:10:50.648000,com.samsung.android.messaging
2023-12-28 06:11:18.697000,com.samsung.android.dialer
2023-12-28 06:11:33.432000,com.samsung.android.messaging
2023-12-28 06:12:13.825000,com.android.chrome
2023-12-28 06:22:19.162000,com.sec.android.app.launcher
2023-12-28 07:19:50.521000,com.android.chrome
2023-12-28 07:35:35.129000,com.sec.android.app.launcher
2023-12-28 07:58:42.356000,com.google.android.apps.maps
2023-12-28 08:13:00.276000,com.google.android.apps.maps
2023-12-28 08:27:03.805000,com.sec.android.app.launcher
2023-12-28 08:27:13.228000,com.sec.android.gallery3d
2023-12-28 08:27:22.813000,com.sec.android.app.launcher
2023-12-28 08:28:24.531000,com.sec.android.app.launcher
2023-12-28 08:28:24.531000,com.sec.android.app.launcher
2023-12-28 09:51:45.502000,com.sec.android.app.camera
2023-12-28 09:51:59.233000,com.sec.android.app.camera
2023-12-28 09:51:59.233000,com.sec.android.app.camera
2023-12-28 10:37:23.343000,com.sec.android.app.launcher
2023-12-28 10:37:23.343000,com.sec.android.app.launcher
2023-12-28 11:24:07.044000,com.sec.android.app.camera
2023-12-28 11:28:36.837000,com.sec.android.app.launcher
2023-12-28 11:36:21.394000,com.sec.android.app.camera
2023-12-28 11:36:38.322000,com.sec.android.gallery3d
2023-12-28 11:36:38.322000,com.sec.android.gallery3d
2023-12-28 11:48:23.386000,com.sec.android.app.camera
2023-12-28 11:50:24.798000,com.sec.android.gallery3d
2023-12-28 11:50:46.180000,com.samsung.android.messaging
2023-12-28 11:51:05.604000,com.android.settings
2023-12-28 12:13:28.472000,com.samsung.android.incallui
2023-12-28 12:13:51.657000,com.samsung.android.app.reminder
2023-12-28 12:14:03.992000,com.sec.android.app.camera
2023-12-28 12:14:33.261000,android
2023-12-28 12:14:45.916000,com.samsung.android.messaging
2023-12-28 12:44:55.133000,com.sec.android.app.camera
2023-12-28 12:54:07.703000,com.sec.android.app.launcher
2023-12-28 12:55:53.124000,com.samsung.android.messaging
2023-12-28 12:58:51.601000,com.sec.android.app.launcher
2023-12-28 14:04:15.483000,com.samsung.android.messaging
2023-12-28 14:05:23.843000,com.sec.android.app.launcher
2023-12-28 14:05:28.406000,com.sec.android.gallery3d
2023-12-28 14:06:01.857000,com.samsung.android.messaging
2023-12-28 14:19:32.908000,com.android.chrome
2023-12-28 14:24:36.246000,com.sec.android.app.launcher
2023-12-28 14:42:08.213000,com.samsung.android.messaging
2023-12-28 14:42:08.213000,com.samsung.android.messaging
2023-12-28 14:50:44.170000,com.android.chrome
2023-12-28 14:51:29.697000,com.samsung.android.messaging
2023-12-28 15:10:16.466000,com.sec.android.app.launcher
2023-12-28 15:10:49.681000,com.sec.android.gallery3d
2023-12-28 15:12:20.660000,com.sec.android.app.launcher
2023-12-28 15:45:03.539000,com.samsung.android.messaging
2023-12-28 15:53:33.175000,com.android.chrome
2023-12-28 15:53:54.100000,com.sec.android.app.launcher
2023-12-28 15:53:58.700000,com.sec.android.app.launcher
2023-12-28 16:34:15.812000,com.sec.android.gallery3d
2023-12-28 16:38:39.840000,com.sec.android.app.launcher
1970-01-01 01:00:00.000000,com.android.settings
1970-01-01 01:00:00.000000,com.samsung.android.dsms
1970-01-01 01:00:00.000000,com.samsung.android.app.spage
1970-01-01 01:00:00.000000,com.android.providers.userdictionary
1970-01-01 01:00:00.000000,com.samsung.sec.android.application.csc
2023-12-28 19:25:31.032000,com.sec.android.app.launcher
2023-12-28 19:31:05.798000,com.samsung.android.messaging
2023-12-28 19:34:29.441000,com.android.chrome
2023-12-28 19:35:35.409000,com.android.chrome
2023-12-28 20:55:29.566000,com.sec.android.app.launcher
2023-12-28 21:06:33.706000,com.sec.android.gallery3d
2023-12-28 21:09:34.885000,com.sec.android.app.launcher
2023-12-28 21:09:43.507000,com.android.chrome
2023-12-28 21:19:08.227000,com.sec.android.app.launcher
2023-12-28 21:19:15.355000,com.sec.android.gallery3d
2023-12-28 21:22:38.833000,com.samsung.android.video
2023-12-28 21:23:38.396000,com.sec.android.app.launcher
2023-12-28 21:23:41.670000,com.android.chrome
2023-12-28 21:25:47.518000,com.android.chrome
2023-12-28 21:28:23.002000,com.sec.android.app.launcher
2023-12-28 21:28:25.584000,com.sec.android.app.launcher
2023-12-28 21:28:25.584000,com.sec.android.app.launcher
2023-12-28 21:28:25.584000,com.sec.android.app.launcher
2023-12-28 21:28:25.584000,com.sec.android.app.launcher
2023-12-28 21:28:25.584000,com.sec.android.app.launcher
2023-12-28 21:28:25.584000,com.sec.android.app.launcher
2023-12-28 21:28:25.584000,com.sec.android.app.launcher
2023-12-28 21:28:25.584000,com.sec.android.app.launcher
2023-12-28 21:28:25.584000,com.sec.android.app.launcher
2023-12-28 21:28:25.584000,com.sec.android.app.launcher
2023-12-28 21:28:25.584000,com.sec.android.app.launcher
2023-12-28 21:28:25.584000,com.sec.android.app.launcher
2023-12-28 21:28:25.584000,com.sec.android.app.launcher
2023-12-28 21:28:25.584000,com.sec.android.app.launcher
2023-12-29 06:21:16.057000,com.samsung.android.messaging
2023-12-29 06:21:10.587000,com.samsung.android.messaging
2023-12-29 08:24:29.244000,com.sec.android.gallery3d
2023-12-29 08:46:38.133000,com.sec.android.app.launcher
2023-12-29 08:46:45.080000,com.samsung.android.incallui
2023-12-29 08:47:03.052000,com.samsung.android.dialer
2023-12-29 08:47:29.904000,com.samsung.android.incallui
2023-12-29 08:49:06.634000,com.samsung.android.dialer
2023-12-29 09:06:34.685000,com.samsung.android.messaging
2023-12-29 09:06:46.304000,com.google.android.videos
2023-12-29 09:11:50.387000,com.samsung.android.dialer
2023-12-29 09:12:01.210000,com.samsung.android.incallui
2023-12-29 09:13:26.138000,com.sec.android.app.launcher
2023-12-29 09:13:26.138000,com.sec.android.app.launcher
2023-12-29 09:49:28.044000,com.samsung.android.incallui
2023-12-29 09:50:23.093000,com.samsung.android.dialer
2023-12-29 09:58:57.811000,com.samsung.android.messaging
2023-12-29 10:22:32.490000,com.samsung.android.incallui
2023-12-29 10:24:10.976000,com.samsung.android.messaging
2023-12-29 10:24:45.181000,com.samsung.android.incallui
2023-12-29 10:25:14.116000,com.sec.android.app.camera
2023-12-29 11:07:22.106000,com.sec.android.app.camera
2023-12-29 11:09:44.570000,com.samsung.android.messaging
2023-12-29 11:17:22.780000,com.sec.android.app.camera
2023-12-29 11:39:13.498000,com.samsung.android.messaging
2023-12-29 11:39:22.539000,com.sec.android.app.launcher
2023-12-29 11:45:38.644000,com.sec.android.app.camera
2023-12-29 11:51:18.843000,com.sec.android.app.camera
2023-12-29 13:17:58.623000,com.sec.android.gallery3d
2023-12-29 13:18:21.017000,com.sec.android.app.launcher
2023-12-29 13:18:22.397000,com.sec.android.app.camera
2023-12-29 13:54:16.836000,com.samsung.android.messaging
2023-12-29 13:54:29.647000,com.samsung.android.messaging
2023-12-29 14:18:13.010000,com.samsung.android.incallui
2023-12-29 14:28:11.134000,com.samsung.android.messaging
2023-12-29 14:42:44.293000,com.sec.android.gallery3d
2023-12-29 14:43:34.868000,com.sec.android.app.launcher
2023-12-29 14:53:30.626000,com.samsung.android.messaging
2023-12-29 14:54:10.824000,com.sec.android.app.launcher
2023-12-29 14:54:44.080000,com.samsung.android.messaging
2023-12-29 14:56:20.536000,com.sec.android.app.launcher
2023-12-29 14:57:28.179000,com.samsung.android.incallui
2023-12-29 14:58:30.334000,com.samsung.android.incallui
2023-12-29 15:58:10.133000,com.sec.android.app.launcher
1970-01-01 01:00:00.000000,com.samsung.android.app.telephonyui
1970-01-01 01:00:00.000000,com.google.android.gsf
1970-01-01 01:00:00.000000,com.samsung.android.app.spage
1970-01-01 01:00:00.000000,com.android.providers.userdictionary
2023-12-29 17:33:42.380000,com.samsung.android.messaging
2023-12-29 17:34:44.813000,com.samsung.android.messaging
2023-12-29 18:40:10.331000,com.samsung.android.incallui
2023-12-29 18:46:48.705000,com.samsung.android.dialer
2023-12-29 18:47:07.965000,com.sec.android.app.launcher
2023-12-29 18:47:19.679000,com.sec.android.gallery3d
2023-12-29 18:47:38.500000,com.sec.android.app.launcher
2023-12-29 18:47:52.655000,com.viber.voip
2023-12-29 18:48:05.001000,com.sec.android.app.launcher
2023-12-29 18:48:16.916000,com.samsung.android.dialer
2023-12-29 18:48:34.285000,com.sec.android.app.launcher
2023-12-29 18:48:51.743000,com.sec.android.gallery3d
2023-12-29 18:49:32.204000,com.sec.android.app.launcher
2023-12-29 18:50:09.288000,com.android.chrome
2023-12-29 18:54:47.963000,com.sec.android.app.launcher
2023-12-29 18:55:20.361000,com.android.chrome
2023-12-29 18:56:26.650000,com.sec.android.app.launcher
2023-12-29 19:03:53.160000,com.samsung.android.dialer
2023-12-29 19:04:06.248000,com.samsung.android.incallui
2023-12-29 19:04:27.389000,com.sec.android.app.launcher
2023-12-29 19:04:30.891000,com.android.chrome
2023-12-29 19:04:56.581000,com.sec.android.app.launcher
2023-12-29 19:05:28.841000,com.sec.android.gallery3d
2023-12-29 19:07:17.209000,com.sec.android.app.launcher
2023-12-29 19:07:39.753000,com.viber.voip
2023-12-29 19:10:34.467000,com.viber.voip
2023-12-29 19:58:18.751000,com.samsung.android.messaging
2023-12-29 20:00:54.825000,com.sec.android.app.launcher
2023-12-29 20:02:33.807000,com.samsung.android.messaging
2023-12-29 20:02:35.931000,com.android.chrome
2023-12-29 20:03:53.946000,com.google.android.apps.maps
2023-12-29 20:04:34.622000,com.sec.android.app.launcher
2023-12-29 20:31:42.144000,com.android.chrome
2023-12-29 20:32:27.486000,com.sec.android.app.launcher
2023-12-29 20:49:13.812000,com.android.chrome
2023-12-29 20:50:36.028000,com.samsung.android.messaging
2023-12-29 20:50:37.913000,com.sec.android.app.launcher
2023-12-29 20:51:03.776000,com.samsung.android.dialer
2023-12-29 21:11:15.990000,com.samsung.android.incallui
2023-12-29 21:26:45.214000,com.sec.android.app.launcher
2023-12-29 21:34:15.889000,com.samsung.android.messaging
2023-12-29 21:35:41.097000,com.samsung.android.dialer
2023-12-29 21:44:27.771000,com.samsung.android.messaging
2023-12-29 21:44:56.945000,com.sec.android.app.launcher
2023-12-29 21:44:56.945000,com.sec.android.app.launcher
2023-12-30 07:52:59.149000,com.samsung.android.messaging
2023-12-30 07:53:05.473000,com.android.chrome
2023-12-30 08:08:37.826000,com.android.chrome
2023-12-30 08:13:59.837000,com.samsung.android.messaging
2023-12-30 08:14:37.671000,com.sec.android.app.launcher
2023-12-30 08:16:32.876000,com.sec.android.app.myfiles
2023-12-30 08:16:54.013000,com.sec.android.app.launcher
2023-12-30 08:16:57.844000,com.samsung.android.messaging
2023-12-30 08:17:23.751000,com.android.chrome
2023-12-30 08:23:56.024000,com.sec.android.app.launcher
2023-12-30 08:25:57.865000,com.android.chrome
2023-12-30 08:28:53.593000,com.sec.android.app.launcher
2023-12-30 08:29:00.112000,com.sec.android.gallery3d
2023-12-30 08:30:34.007000,com.android.chrome
2023-12-30 08:31:06.408000,com.google.android.apps.maps
2023-12-30 08:31:26.964000,com.android.chrome
2023-12-30 08:31:30.755000,com.google.android.apps.maps
2023-12-30 08:34:48.026000,com.android.chrome
2023-12-30 08:38:54.287000,com.android.chrome
2023-12-30 10:10:20.428000,com.sec.android.app.launcher
2023-12-30 10:10:21.619000,com.samsung.android.messaging
2023-12-30 10:18:21.691000,com.samsung.android.messaging
2023-12-30 12:12:40.159000,com.sec.android.app.launcher
2023-12-30 13:08:26.496000,com.samsung.android.dialer
2023-12-30 13:08:36.643000,com.samsung.android.incallui
2023-12-30 13:09:40.842000,com.samsung.android.dialer
2023-12-30 14:05:04.580000,com.sec.android.app.launcher
2023-12-30 14:05:17.493000,com.viber.voip
2023-12-30 14:05:25.445000,com.sec.android.app.launcher
2023-12-30 14:06:22.145000,com.samsung.android.dialer
2023-12-30 14:06:24.271000,com.sec.android.app.launcher
2023-12-30 14:08:04.339000,com.sec.android.app.launcher
1970-01-01 01:00:00.000000,com.samsung.android.app.telephonyui
1970-01-01 01:00:00.000000,com.samsung.android.app.spage
2023-12-30 17:13:29.561000,com.samsung.android.messaging
2023-12-30 17:13:44.509000,com.android.chrome
2023-12-30 17:19:07.176000,com.sec.android.app.launcher
2023-12-30 17:27:35.636000,com.android.chrome
2023-12-30 17:38:51.875000,com.sec.android.app.launcher
2023-12-30 17:40:57.137000,com.android.chrome
2023-12-30 17:44:33.072000,com.sec.android.app.launcher
2023-12-30 17:47:28.191000,com.android.chrome
2023-12-30 17:56:57.769000,com.sec.android.app.launcher
2023-12-30 17:57:58.028000,com.sec.android.app.launcher
2023-12-30 18:13:24.772000,com.android.chrome
2023-12-30 18:15:06.076000,com.google.android.apps.docs
2023-12-30 18:18:09.396000,com.android.chrome
2023-12-30 18:18:52.374000,com.google.android.apps.docs
2023-12-30 18:22:29.484000,com.sec.android.app.launcher
2023-12-30 18:22:51.367000,com.sec.android.gallery3d
2023-12-30 18:23:37.399000,com.samsung.android.video
2023-12-30 18:24:20.397000,com.samsung.android.messaging
2023-12-30 18:25:41.450000,com.android.chrome
2023-12-30 18:31:28.268000,com.sec.android.app.launcher
2023-12-30 18:47:10.008000,com.samsung.android.dialer
2023-12-30 18:48:54.147000,com.android.chrome
2023-12-30 18:53:39.549000,com.sec.android.app.launcher
2023-12-30 18:57:08.547000,com.samsung.android.messaging
2023-12-30 18:58:03.920000,com.sec.android.app.launcher
2023-12-30 18:58:11.895000,com.samsung.android.dialer
2023-12-30 18:58:29.784000,com.samsung.android.dialer
2023-12-30 18:58:46.608000,com.samsung.android.incallui
2023-12-30 18:59:34.845000,com.samsung.android.dialer
2023-12-30 19:03:10.945000,com.samsung.android.incallui
2023-12-30 19:04:21.457000,com.samsung.android.dialer
2023-12-30 19:34:07.473000,com.samsung.android.incallui
2023-12-30 19:34:29.572000,com.samsung.android.incallui
2023-12-30 19:34:29.572000,com.samsung.android.incallui
2023-12-30 19:34:29.572000,com.samsung.android.incallui
2023-12-30 19:34:29.572000,com.samsung.android.incallui
2023-12-30 19:34:29.572000,com.samsung.android.incallui
2023-12-30 22:24:35.003000,com.samsung.android.messaging
2023-12-30 22:24:51.042000,com.sec.android.app.launcher
2023-12-30 22:24:53.596000,com.android.chrome
2023-12-30 22:26:36.564000,com.sec.android.app.launcher
2023-12-30 22:26:37.494000,com.android.chrome
2023-12-30 22:32:12.914000,com.sec.android.app.launcher
2023-12-30 22:32:36.625000,com.android.chrome
2023-12-30 22:52:13.008000,com.sec.android.app.launcher
2023-12-30 22:52:38.319000,com.android.chrome
2023-12-30 22:53:12.626000,com.facebook.katana
2023-12-30 22:54:58.653000,com.sec.android.app.launcher
2023-12-30 23:23:59.025000,com.samsung.android.messaging
2023-12-30 23:24:08.335000,com.android.chrome
2023-12-30 23:25:45.618000,com.sec.android.app.launcher
2023-12-31 08:13:59.290000,com.samsung.android.messaging
2023-12-31 08:14:12.836000,com.android.chrome
2023-12-31 08:16:56.366000,com.sec.android.app.launcher
2023-12-31 08:35:57.892000,com.android.chrome
2023-12-31 08:38:00.522000,com.sec.android.app.launcher
2023-12-31 08:41:01.743000,com.android.chrome
2023-12-31 08:45:15.901000,com.sec.android.app.launcher
2023-12-31 09:01:12.523000,com.android.chrome
2023-12-31 09:04:18.023000,com.sec.android.app.launcher
2023-12-31 09:43:57.634000,com.samsung.android.messaging
2023-12-31 09:44:00.601000,com.sec.android.app.launcher
2023-12-31 11:14:12.757000,com.samsung.android.messaging
2023-12-31 11:14:16.129000,com.sec.android.app.launcher
2023-12-31 11:14:16.129000,com.sec.android.app.launcher
2023-12-31 16:20:32.399000,com.samsung.android.dialer
2023-12-31 16:20:37.425000,com.android.chrome
2023-12-31 16:22:03.157000,com.sec.android.app.launcher
2023-12-31 16:22:07.174000,com.android.chrome
2023-12-31 16:30:56.508000,com.sec.android.app.launcher
1970-01-01 01:00:00.000000,com.viber.voip
1970-01-01 01:00:00.000000,com.android.providers.userdictionary
2023-12-31 17:30:51.718000,com.samsung.android.dialer
2023-12-31 17:31:14.711000,com.samsung.android.incallui
2023-12-31 17:31:43.550000,com.samsung.android.dialer
2023-12-31 17:44:35.727000,com.viber.voip
2023-12-31 17:46:55.767000,com.samsung.android.dialer
2023-12-31 17:47:16.828000,com.samsung.android.incallui
2023-12-31 17:48:04.608000,com.samsung.android.dialer
2023-12-31 17:48:17.497000,com.samsung.android.incallui
2023-12-31 17:48:41.484000,com.samsung.android.dialer
2023-12-31 17:48:56.388000,com.sec.android.app.launcher
2023-12-31 17:49:38.031000,com.samsung.android.incallui
2023-12-31 17:53:39.515000,com.sec.android.app.launcher
2023-12-31 17:58:11.368000,com.samsung.android.incallui
2023-12-31 17:58:11.368000,com.samsung.android.incallui
2023-12-31 19:25:12.271000,com.sec.android.app.launcher
2023-12-31 19:25:18.033000,com.sec.android.gallery3d
2023-12-31 19:25:52.799000,com.sec.android.app.launcher
2023-12-31 19:26:03.440000,com.viber.voip
2023-12-31 19:26:57.431000,com.sec.android.app.launcher
2023-12-31 19:28:54.859000,com.samsung.android.dialer
2023-12-31 19:40:23.779000,com.viber.voip
2023-12-31 19:40:57.264000,com.sec.android.app.launcher
2023-12-31 19:41:05.793000,com.sec.android.gallery3d
2023-12-31 19:47:08.618000,com.sec.android.app.camera
2023-12-31 19:47:56.958000,com.sec.android.gallery3d
2023-12-31 19:48:05.706000,com.sec.android.app.launcher
2023-12-31 19:49:10.667000,com.android.chrome
2023-12-31 19:49:10.667000,com.android.chrome
2023-12-31 19:53:13.815000,com.sec.android.app.camera
2023-12-31 19:54:19.629000,com.sec.android.gallery3d
2023-12-31 19:54:34.268000,com.sec.android.app.camera
2023-12-31 19:54:38.241000,com.sec.android.app.launcher
2023-12-31 20:31:16.831000,com.samsung.android.messaging
2023-12-31 20:31:19.598000,com.android.chrome
2023-12-31 20:32:14.043000,com.sec.android.app.launcher
2023-12-31 20:32:20.035000,com.sec.android.app.launcher
2023-12-31 20:32:20.035000,com.sec.android.app.launcher
2023-12-31 20:32:20.035000,com.sec.android.app.launcher
2023-12-31 20:32:20.035000,com.sec.android.app.launcher
2023-12-31 23:33:40.952000,com.sec.android.app.launcher
2024-01-01 05:55:27.992000,com.samsung.android.messaging
2024-01-01 05:55:46.699000,com.samsung.android.messaging
2024-01-01 07:23:17.049000,com.samsung.android.dialer
2024-01-01 07:23:27.126000,com.android.chrome
2024-01-01 07:24:18.919000,com.sec.android.app.launcher
2024-01-01 08:08:36.879000,com.samsung.android.incallui
2024-01-01 08:09:36.572000,com.sec.android.app.launcher
2024-01-01 08:10:13.010000,android
2024-01-01 08:10:28.792000,com.viber.voip
2024-01-01 08:32:44.653000,com.sec.android.app.launcher
2024-01-01 08:32:59.704000,com.viber.voip
2024-01-01 08:33:28.866000,com.samsung.android.lool
2024-01-01 08:33:36.574000,com.viber.voip
2024-01-01 09:08:09.564000,com.sec.android.app.launcher
2024-01-01 09:08:17.141000,com.sec.android.gallery3d
2024-01-01 09:18:15.209000,com.sec.android.app.camera
2024-01-01 10:00:04.016000,com.sec.android.app.launcher
2024-01-01 10:26:38.830000,com.sec.android.app.camera
2024-01-01 10:45:15.255000,com.sec.android.app.camera
2024-01-01 11:51:56.141000,com.sec.android.app.camera
2024-01-01 12:19:56.925000,com.sec.android.app.launcher
2024-01-01 12:20:05.142000,com.sec.android.app.camera
2024-01-01 12:20:27.533000,com.sec.android.gallery3d
2024-01-01 12:21:35.930000,com.sec.android.app.launcher
2024-01-01 13:04:59.851000,com.samsung.android.messaging
2024-01-01 13:20:12.462000,com.sec.android.app.launcher
2024-01-01 13:20:26.887000,com.samsung.android.messaging
2024-01-01 13:20:42.323000,com.sec.android.app.launcher
2024-01-01 13:20:57.904000,com.comtrade.simba.gbkr
2024-01-01 13:25:46.065000,com.sec.android.app.launcher
2024-01-01 14:02:46.707000,com.sec.android.app.camera
2024-01-01 14:12:30.376000,com.sec.android.app.launcher
2024-01-01 14:12:34.668000,com.sec.android.gallery3d
2024-01-01 14:15:48.258000,com.samsung.android.messaging
2024-01-01 14:18:37.574000,com.sec.android.gallery3d
2024-01-01 14:19:22.885000,com.viber.voip
2024-01-01 14:20:58.959000,com.sec.android.app.launcher
2024-01-01 14:23:31.585000,com.samsung.android.messaging
2024-01-01 14:23:44.500000,com.viber.voip
2024-01-01 14:24:02.197000,com.android.chrome
2024-01-01 14:26:31.598000,com.sec.android.app.launcher
2024-01-01 14:32:19.745000,com.viber.voip
2024-01-01 14:37:45.329000,com.sec.android.app.launcher
2024-01-01 14:37:59.367000,com.samsung.android.messaging
2024-01-01 15:18:25.056000,com.sec.android.app.launcher
2024-01-01 15:18:31.727000,com.viber.voip
2024-01-01 15:18:31.727000,com.viber.voip
2024-01-01 15:58:21.710000,com.sec.android.app.launcher
1970-01-01 01:00:00.000000,com.samsung.android.app.spage
1970-01-01 01:00:00.000000,com.android.providers.userdictionary
1970-01-01 01:00:00.000000,com.samsung.sec.android.application.csc
2024-01-01 18:49:55.400000,com.sec.android.app.launcher
2024-01-01 18:50:12.111000,com.viber.voip
2024-01-01 18:50:58.154000,com.sec.android.app.launcher
2024-01-01 18:51:03.808000,com.sec.android.gallery3d
2024-01-01 18:51:03.808000,com.sec.android.gallery3d
2024-01-01 18:52:49.394000,com.samsung.android.messaging
2024-01-01 18:55:46.268000,com.sec.android.app.launcher
2024-01-01 18:56:02.892000,com.viber.voip
2024-01-01 18:56:19.329000,com.android.chrome
2024-01-01 18:57:02.896000,com.viber.voip
2024-01-01 19:17:42.891000,com.sec.android.app.launcher
2024-01-01 19:17:56.488000,com.sec.android.gallery3d
2024-01-01 19:20:45.590000,com.samsung.android.dialer
2024-01-01 19:20:53.580000,com.sec.android.app.launcher
2024-01-01 19:21:30.785000,com.sec.android.app.myfiles
2024-01-01 19:23:45.069000,com.samsung.android.messaging
2024-01-01 19:23:53.460000,com.viber.voip
2024-01-01 19:24:11.280000,com.android.chrome
2024-01-01 19:29:56.506000,com.samsung.android.messaging
2024-01-01 20:19:49.905000,com.sec.android.app.launcher
2024-01-01 20:20:21.856000,com.sec.android.gallery3d
2024-01-01 20:29:21.778000,com.sec.android.app.launcher
2024-01-01 20:29:35.392000,com.viber.voip
2024-01-01 20:30:18.637000,com.sec.android.app.launcher
2024-01-01 20:33:08.665000,com.viber.voip
2024-01-01 20:33:31.510000,com.sec.android.app.launcher
2024-01-01 20:33:51.285000,com.sec.android.gallery3d
2024-01-01 20:35:49.486000,com.sec.android.app.launcher
2024-01-01 20:36:03.455000,com.viber.voip
2024-01-01 20:37:44.527000,com.sec.android.app.launcher
2024-01-01 20:39:02.638000,com.viber.voip
2024-01-01 20:39:19.451000,com.sec.android.app.launcher
2024-01-01 20:59:29.695000,com.viber.voip
2024-01-01 21:19:19.876000,com.samsung.android.messaging
2024-01-01 21:20:40.019000,com.sec.android.app.launcher
2024-01-01 21:20:46.666000,com.android.chrome
2024-01-01 21:31:06.525000,com.viber.voip
2024-01-01 21:31:39.054000,com.sec.android.app.launcher
2024-01-01 21:31:58.749000,com.android.chrome
2024-01-01 21:33:26.154000,com.sec.android.app.launcher
2024-01-01 21:39:11.431000,com.samsung.android.messaging
2024-01-01 21:39:30.422000,com.sec.android.app.launcher
2024-01-01 21:39:30.422000,com.sec.android.app.launcher
2024-01-02 08:36:14.026000,com.viber.voip
2024-01-02 08:36:23.794000,com.samsung.android.messaging
2024-01-02 08:36:44.854000,com.sec.android.app.launcher
2024-01-02 08:37:37.034000,com.android.chrome
2024-01-02 08:46:17.719000,com.sec.android.app.launcher
2024-01-02 08:47:28.600000,com.android.chrome
2024-01-02 09:15:54.034000,com.viber.voip
2024-01-02 09:15:58.401000,com.viber.voip
2024-01-02 09:16:21.154000,com.android.chrome
2024-01-02 09:22:08.799000,com.sec.android.app.launcher
2024-01-02 09:22:41.301000,com.android.chrome
2024-01-02 09:29:40.798000,com.samsung.android.messaging
2024-01-02 09:29:51.279000,com.osp.app.signin
2024-01-02 09:30:14.961000,com.samsung.android.messaging
2024-01-02 09:30:19.879000,com.samsung.android.dialer
2024-01-02 10:42:56.997000,com.viber.voip
2024-01-02 10:43:12.291000,com.sec.android.gallery3d
2024-01-02 10:45:09.338000,com.sec.android.gallery3d
2024-01-02 12:46:06.240000,com.sec.android.app.launcher
2024-01-02 12:58:42.499000,com.samsung.android.messaging
2024-01-02 12:58:56.543000,com.sec.android.app.launcher
2024-01-02 13:02:08.222000,com.samsung.android.messaging
2024-01-02 13:02:15.086000,com.samsung.android.incallui
2024-01-02 13:06:46.277000,com.samsung.android.messaging
2024-01-02 13:13:14.047000,com.samsung.android.messaging
2024-01-02 13:13:14.047000,com.samsung.android.messaging
2024-01-02 14:09:06.296000,com.sec.android.app.launcher
2024-01-02 14:09:10.737000,com.samsung.android.messaging
2024-01-02 14:20:34.594000,com.sec.android.gallery3d
2024-01-02 14:21:25.523000,com.sec.android.app.launcher
2024-01-02 14:21:28.895000,com.android.chrome
2024-01-02 14:27:17.227000,com.sec.android.app.launcher
2024-01-02 14:28:17.620000,com.sec.android.app.launcher
2024-01-02 15:40:56.758000,com.samsung.android.messaging
2024-01-02 15:41:11.034000,com.sec.android.app.launcher
2024-01-02 16:26:26.599000,com.android.chrome
2024-01-02 16:26:47.105000,com.sec.android.app.launcher
2024-01-02 16:26:49.100000,com.android.chrome
2024-01-02 16:30:30.242000,com.sec.android.app.launcher
1970-01-01 01:00:00.000000,com.google.android.gsf
2024-01-02 17:41:53.352000,com.sec.android.app.launcher
2024-01-02 17:41:57.808000,com.android.chrome
2024-01-02 17:52:01.130000,com.sec.android.app.launcher
2024-01-02 17:52:28.147000,com.android.chrome
2024-01-02 17:54:22.131000,com.sec.android.app.launcher
2024-01-02 17:54:36.206000,com.samsung.android.messaging
2024-01-02 17:54:57.742000,com.sec.android.app.launcher
2024-01-02 18:40:07.312000,com.android.chrome
2024-01-02 18:43:21.753000,com.sec.android.app.launcher
2024-01-02 18:43:21.753000,com.sec.android.app.launcher
2024-01-02 19:33:06.601000,com.whatsapp
2024-01-02 19:34:03.493000,com.sec.android.app.launcher
2024-01-02 20:01:48.536000,com.samsung.android.messaging
2024-01-02 20:02:04.247000,com.android.chrome
2024-01-02 20:05:52.583000,com.samsung.android.messaging
2024-01-02 20:06:01.491000,com.android.chrome
2024-01-02 20:08:36.575000,com.samsung.android.messaging
2024-01-02 20:08:50.949000,com.android.chrome
2024-01-02 20:10:04.731000,com.samsung.android.messaging
2024-01-02 20:10:22.254000,com.android.chrome
2024-01-02 20:10:28.285000,com.android.chrome
2024-01-02 20:10:50.067000,com.sec.android.app.launcher
2024-01-02 20:37:52.965000,com.samsung.android.messaging
2024-01-02 21:25:37.238000,com.sec.android.app.launcher
2024-01-02 21:25:40.649000,com.android.chrome
2024-01-02 21:49:51.065000,com.android.chrome
2024-01-02 22:15:48.729000,com.google.android.youtube
2024-01-02 22:16:04.064000,com.android.chrome
2024-01-02 22:16:34.238000,com.sec.android.app.launcher
2024-01-02 22:16:37.202000,com.sec.android.app.launcher
2024-01-03 06:37:37.872000,com.android.chrome
2024-01-03 06:40:29.843000,com.sec.android.app.launcher
2024-01-03 06:40:32.986000,com.android.chrome
2024-01-03 06:42:46.534000,com.android.chrome
2024-01-03 07:42:38.101000,com.samsung.android.messaging
2024-01-03 07:54:03.702000,com.samsung.android.incallui
2024-01-03 07:54:27.836000,com.samsung.android.messaging
2024-01-03 07:55:45.350000,com.samsung.android.dialer
2024-01-03 07:55:46.743000,com.sec.android.app.launcher
2024-01-03 07:57:53.158000,com.samsung.android.dialer
2024-01-03 07:58:36.040000,com.samsung.android.incallui
2024-01-03 08:01:07.762000,com.samsung.android.dialer
2024-01-03 08:10:59.521000,com.samsung.android.messaging
2024-01-03 08:11:42.687000,com.samsung.android.incallui
2024-01-03 08:12:20.685000,com.samsung.android.dialer
2024-01-03 08:21:53.242000,com.samsung.android.incallui
2024-01-03 08:23:33.572000,com.samsung.android.incallui
2024-01-03 08:53:19.794000,com.sec.android.app.launcher
2024-01-03 08:53:20.812000,com.samsung.android.messaging
2024-01-03 08:58:01.774000,com.samsung.android.incallui
2024-01-03 09:03:48.730000,com.samsung.android.messaging
2024-01-03 09:13:39.954000,com.sec.android.app.launcher
2024-01-03 09:29:49.618000,com.samsung.android.messaging
2024-01-03 09:36:00.859000,com.samsung.android.dialer
2024-01-03 09:36:12.285000,com.samsung.android.incallui
2024-01-03 09:37:04.798000,com.samsung.android.dialer
2024-01-03 09:39:14.108000,com.samsung.android.incallui
2024-01-03 09:40:06.316000,com.samsung.android.dialer
2024-01-03 09:40:40.555000,com.samsung.android.incallui
2024-01-03 09:41:56.805000,com.samsung.android.dialer
2024-01-03 09:44:03.822000,com.samsung.android.incallui
2024-01-03 09:44:32.027000,com.samsung.android.dialer
2024-01-03 09:45:08.536000,com.samsung.android.incallui
2024-01-03 09:45:54.774000,com.samsung.android.dialer
2024-01-03 09:46:01.685000,com.samsung.android.incallui
2024-01-03 09:47:15.743000,com.samsung.android.dialer
2024-01-03 09:48:43.697000,com.samsung.android.incallui
2024-01-03 09:50:59.233000,com.samsung.android.dialer
2024-01-03 09:53:59.426000,com.samsung.android.incallui
2024-01-03 09:59:41.454000,com.samsung.android.messaging
2024-01-03 10:01:38.702000,com.sec.android.app.launcher
2024-01-03 10:01:52.514000,com.samsung.android.messaging
2024-01-03 10:05:55.800000,com.sec.android.app.launcher
2024-01-03 10:12:30.752000,com.samsung.android.messaging
2024-01-03 10:15:41.407000,com.samsung.android.dialer
2024-01-03 10:20:14.037000,com.samsung.android.messaging
2024-01-03 10:23:29.921000,com.sec.android.app.launcher
2024-01-03 10:23:37.419000,com.samsung.android.dialer
2024-01-03 10:23:46.148000,com.samsung.android.incallui
2024-01-03 10:25:33.964000,com.sec.android.app.launcher
2024-01-03 10:32:35.560000,com.samsung.android.messaging
2024-01-03 10:33:28.287000,com.samsung.android.dialer
2024-01-03 10:33:57.725000,com.samsung.android.incallui
2024-01-03 10:36:49.879000,com.samsung.android.dialer
2024-01-03 10:48:20.570000,com.samsung.android.incallui
2024-01-03 10:55:05.874000,com.samsung.android.messaging
2024-01-03 11:00:10.995000,com.samsung.android.dialer
2024-01-03 11:00:28.272000,com.sec.android.app.launcher
2024-01-03 11:00:33.063000,com.samsung.android.messaging
2024-01-03 11:05:58.765000,com.viber.voip
2024-01-03 11:06:32.484000,com.samsung.android.messaging
2024-01-03 11:06:46.720000,com.viber.voip
2024-01-03 11:12:20.695000,com.sec.android.gallery3d
2024-01-03 11:15:45.095000,com.sec.android.app.launcher
2024-01-03 11:31:14.105000,com.samsung.android.incallui
2024-01-03 11:31:40.092000,com.sec.android.app.launcher
2024-01-03 11:34:16.273000,com.samsung.android.dialer
2024-01-03 11:37:43.501000,com.android.chrome
2024-01-03 11:37:56.148000,com.sec.android.app.launcher
2024-01-03 11:38:41.299000,com.samsung.android.dialer
2024-01-03 11:47:05.521000,com.sec.android.app.launcher
2024-01-03 11:48:09.667000,com.sec.android.app.launcher
2024-01-03 12:15:07.166000,com.samsung.android.messaging
2024-01-03 12:42:03.125000,com.samsung.android.incallui
2024-01-03 12:44:58.030000,com.samsung.android.messaging
2024-01-03 13:04:33.309000,com.sec.android.app.launcher
2024-01-03 13:37:24.973000,com.samsung.android.dialer
2024-01-03 13:41:27.227000,com.samsung.android.incallui
2024-01-03 14:12:04.278000,com.sec.android.gallery3d
2024-01-03 14:12:51.971000,com.sec.android.app.launcher
2024-01-03 14:17:16.625000,com.samsung.android.messaging
2024-01-03 14:17:18.097000,com.sec.android.app.launcher
2024-01-03 14:48:03.013000,com.samsung.android.dialer
2024-01-03 14:48:25.822000,com.samsung.android.incallui
2024-01-03 14:48:53.741000,com.samsung.android.dialer
2024-01-03 14:51:21.625000,com.samsung.android.incallui
2024-01-03 15:16:03.547000,com.samsung.android.messaging
2024-01-03 15:16:05.609000,com.sec.android.app.launcher
2024-01-03 15:17:31.948000,com.samsung.android.messaging
2024-01-03 15:35:52.961000,com.sec.android.app.launcher
2024-01-03 15:36:18.943000,com.samsung.android.dialer
2024-01-03 15:36:23.527000,com.samsung.android.incallui
2024-01-03 15:36:23.527000,com.samsung.android.incallui
2024-01-03 15:40:25.776000,com.samsung.android.dialer
2024-01-03 15:40:56.227000,com.samsung.android.incallui
2024-01-03 15:41:37.653000,com.samsung.android.dialer
2024-01-03 15:43:53.189000,com.samsung.android.incallui
2024-01-03 15:44:36.184000,com.samsung.android.dialer
2024-01-03 15:46:06.547000,com.samsung.android.incallui
2024-01-03 15:47:19.289000,com.samsung.android.dialer
2024-01-03 15:50:58.136000,com.samsung.android.incallui
2024-01-03 15:54:03.565000,com.samsung.android.app.contacts
2024-01-03 15:54:33.480000,com.samsung.android.dialer
2024-01-03 16:00:50.600000,com.samsung.android.messaging
2024-01-03 16:06:37.848000,com.samsung.android.incallui
2024-01-03 16:07:03.647000,com.samsung.android.messaging
2024-01-03 16:09:57.249000,com.samsung.android.incallui
2024-01-03 16:13:03.464000,com.samsung.android.messaging
2024-01-03 16:15:58.510000,com.samsung.android.incallui
2024-01-03 16:18:01.142000,com.samsung.android.messaging
2024-01-03 16:25:31.803000,com.samsung.android.incallui
2024-01-03 16:26:27.454000,com.samsung.android.messaging
2024-01-03 16:27:06.975000,com.sec.android.app.launcher
2024-01-03 16:38:41.192000,com.samsung.android.messaging
2024-01-03 16:51:48.769000,com.samsung.android.incallui
2024-01-03 16:52:06.806000,com.sec.android.app.launcher
2024-01-03 16:52:22.173000,com.samsung.android.dialer
2024-01-03 16:52:30.790000,com.samsung.android.incallui
2024-01-03 16:52:52.187000,com.samsung.android.dialer
2024-01-03 17:15:49.446000,com.samsung.android.incallui
1970-01-01 01:00:00.000000,com.google.android.gms
2024-01-03 17:33:02.694000,com.samsung.android.incallui
2024-01-03 17:36:40.798000,com.samsung.android.messaging
2024-01-03 19:11:57.537000,com.sec.android.app.launcher
2024-01-03 19:12:01.559000,com.samsung.android.email.provider
2024-01-03 19:18:49.558000,com.samsung.android.messaging
2024-01-03 19:30:29.787000,com.sec.android.app.launcher
2024-01-03 19:30:46.602000,com.samsung.android.email.provider
2024-01-03 19:32:31.352000,com.sec.android.app.launcher
2024-01-03 20:03:23.079000,com.samsung.android.email.provider
2024-01-03 20:03:51.520000,com.sec.android.app.launcher
2024-01-03 20:03:58.506000,com.samsung.android.email.provider
2024-01-03 20:04:21.560000,com.microsoft.office.word
2024-01-03 20:04:53.963000,com.sec.android.app.launcher
2024-01-03 20:05:08.945000,com.samsung.android.email.provider
2024-01-03 20:05:16.360000,com.microsoft.office.word
2024-01-03 20:06:23.417000,com.samsung.android.messaging
2024-01-03 20:06:39.272000,com.samsung.android.email.provider
2024-01-03 20:07:22.014000,com.sec.android.app.launcher
2024-01-03 20:23:56.884000,com.samsung.android.messaging
2024-01-03 20:24:09.870000,com.samsung.android.dialer
2024-01-03 20:24:16.974000,com.android.chrome
2024-01-03 20:30:23.673000,com.samsung.android.messaging
2024-01-03 20:37:16.525000,com.android.chrome
2024-01-03 20:37:23.715000,com.android.chrome
2024-01-03 20:42:29.054000,com.sec.android.app.launcher
2024-01-03 20:50:24.736000,com.samsung.android.messaging
2024-01-03 20:50:42.029000,com.sec.android.app.launcher
2024-01-05 00:20:30.132000,com.example.nextapp
2024-01-05 00:21:40.009000,com.sec.android.app.launcher
2024-01-05 00:21:40.009000,com.sec.android.app.launcher
2024-01-05 00:21:40.009000,com.sec.android.app.launcher
2024-01-05 00:21:40.009000,com.sec.android.app.launcher
2024-01-05 00:21:40.009000,com.sec.android.app.launcher
2024-01-05 00:21:40.009000,com.sec.android.app.launcher
2024-01-05 00:21:40.009000,com.sec.android.app.launcher
2024-01-05 00:21:40.009000,com.sec.android.app.launcher
2024-01-05 00:21:35.622000,com.sec.android.app.launcher
2024-01-05 00:21:35.622000,com.sec.android.app.launcher
2024-01-05 07:55:39.417000,com.samsung.android.messaging
2024-01-05 08:04:41.754000,com.samsung.android.dialer
2024-01-05 08:29:56.253000,com.sec.android.app.launcher
2024-01-05 08:39:10.575000,com.samsung.android.messaging
2024-01-05 08:44:40.466000,com.sec.android.app.launcher
2024-01-05 08:45:40.779000,com.sec.android.app.launcher
2024-01-05 08:54:44.742000,com.sec.android.app.launcher
2024-01-05 08:59:39.202000,com.sec.android.app.launcher
2024-01-05 09:00:39.621000,com.sec.android.app.launcher
2024-01-05 09:00:39.621000,com.sec.android.app.launcher
2024-01-05 09:00:39.621000,com.sec.android.app.launcher
2024-01-05 09:00:39.621000,com.sec.android.app.launcher
2024-01-05 09:23:30.466000,com.samsung.android.incallui
2024-01-05 09:37:07.357000,com.samsung.android.messaging
2024-01-05 09:43:47.307000,com.samsung.android.messaging
2024-01-05 10:00:57.007000,com.samsung.android.messaging
2024-01-05 10:27:13.741000,com.sec.android.app.launcher
2024-01-05 10:32:28.690000,com.samsung.android.messaging
2024-01-05 10:51:23.099000,com.samsung.android.messaging
2024-01-05 11:18:53.664000,com.samsung.android.dialer
2024-01-05 11:23:58.731000,com.sec.android.app.launcher
2024-01-05 11:24:59.268000,com.sec.android.app.launcher
2024-01-05 11:24:59.268000,com.sec.android.app.launcher
2024-01-05 11:53:34.721000,com.samsung.android.messaging
2024-01-05 11:53:34.721000,com.samsung.android.messaging
2024-01-05 12:44:33.655000,com.samsung.android.messaging
2024-01-05 12:56:13.745000,com.samsung.android.messaging
2024-01-05 12:57:20.942000,com.samsung.android.messaging
2024-01-05 12:57:20.942000,com.samsung.android.messaging
2024-01-05 12:57:20.942000,com.samsung.android.messaging
2024-01-05 14:11:29.484000,com.samsung.android.incallui
2024-01-05 14:17:40.630000,com.samsung.android.incallui
2024-01-05 14:29:23.812000,com.sec.android.app.launcher
2024-01-05 14:32:33.075000,com.samsung.android.messaging
2024-01-05 14:32:33.075000,com.samsung.android.messaging
2024-01-05 14:42:03.620000,com.sec.android.app.launcher
2024-01-05 14:43:03.984000,com.sec.android.app.launcher
2024-01-05 14:43:03.984000,com.sec.android.app.launcher
2024-01-05 14:55:42.060000,com.sec.android.app.launcher
2024-01-05 15:01:23.023000,com.sec.android.app.launcher
2024-01-05 15:02:23.394000,com.sec.android.app.launcher
2024-01-05 15:02:23.394000,com.sec.android.app.launcher
2024-01-05 15:02:23.394000,com.sec.android.app.launcher
2024-01-05 15:17:42.418000,com.sec.android.gallery3d
2024-01-05 15:19:17.135000,com.sec.android.app.launcher
2024-01-05 15:59:25.988000,com.sec.android.app.launcher
2024-01-05 16:31:30.122000,com.samsung.android.messaging
2024-01-05 16:31:30.122000,com.samsung.android.messaging
2024-01-05 16:47:27.003000,com.samsung.android.incallui
2024-01-05 17:00:49.574000,com.samsung.android.incallui
2024-01-05 17:00:49.574000,com.samsung.android.incallui
1970-01-01 01:00:00.000000,com.samsung.android.dsms
1970-01-01 01:00:00.000000,com.samsung.android.dsms
1970-01-01 01:00:00.000000,com.samsung.android.dsms
1970-01-01 01:00:00.000000,com.samsung.android.dsms
1970-01-01 01:00:00.000000,com.samsung.sec.android.application.csc
1970-01-01 01:00:00.000000,com.samsung.sec.android.application.csc
2024-01-05 21:13:58.183000,com.android.chrome
2024-01-05 21:20:57.298000,com.sec.android.app.launcher
2024-01-05 21:39:00.327000,com.android.chrome
2024-01-05 21:41:49.337000,com.sec.android.app.launcher
2024-01-05 21:41:49.337000,com.sec.android.app.launcher
2024-01-05 21:41:49.337000,com.sec.android.app.launcher
2024-01-05 21:41:49.337000,com.sec.android.app.launcher
2024-01-05 21:41:49.337000,com.sec.android.app.launcher
2024-01-05 21:41:49.337000,com.sec.android.app.launcher
2024-01-05 21:41:49.337000,com.sec.android.app.launcher
2024-01-06 07:18:40.143000,com.sec.android.app.launcher
2024-01-06 07:18:40.143000,com.sec.android.app.launcher
2024-01-06 08:19:00.508000,com.sec.android.app.launcher
2024-01-06 08:19:00.508000,com.sec.android.app.launcher
2024-01-06 08:40:56.395000,com.sec.android.app.launcher
2024-01-06 08:40:56.395000,com.sec.android.app.launcher
2024-01-06 09:35:58.662000,com.sec.android.gallery3d
2024-01-06 09:44:34.173000,com.samsung.android.messaging
2024-01-06 10:00:54.563000,com.sec.android.app.launcher
2024-01-06 10:10:10.144000,com.samsung.android.incallui
2024-01-06 11:00:28.504000,com.sec.android.app.launcher
2024-01-06 11:29:06.136000,com.sec.android.gallery3d
2024-01-06 11:41:49.497000,com.sec.android.app.launcher
2024-01-06 12:33:05.297000,com.samsung.android.messaging
2024-01-06 12:33:14.621000,com.sec.android.app.launcher
2024-01-06 12:33:14.621000,com.sec.android.app.launcher
2024-01-06 12:33:14.621000,com.sec.android.app.launcher
2024-01-06 12:33:14.621000,com.sec.android.app.launcher
2024-01-06 12:33:14.621000,com.sec.android.app.launcher
2024-01-06 17:26:47.779000,com.sec.android.app.launcher
2024-01-06 17:41:43.583000,com.sec.android.app.launcher
2024-01-06 18:45:07.529000,com.android.chrome
2024-01-06 18:52:43.656000,com.android.chrome
2024-01-06 18:54:54.004000,com.sec.android.app.launcher
2024-01-06 18:54:54.004000,com.sec.android.app.launcher
2024-01-06 19:58:52.018000,com.android.chrome
2024-01-06 20:05:13.920000,com.android.chrome
2024-01-06 20:09:48.129000,com.android.chrome
2024-01-06 20:17:13.583000,com.android.chrome
2024-01-06 20:17:13.583000,com.android.chrome
2024-01-06 20:17:13.583000,com.android.chrome
2024-01-06 20:17:13.583000,com.android.chrome
2024-01-06 21:39:55.934000,com.samsung.android.messaging
2024-01-06 21:46:51.118000,com.google.android.apps.docs
2024-01-06 21:49:02.796000,com.android.chrome
2024-01-06 22:00:17.340000,com.android.chrome
2024-01-06 22:02:24.902000,com.android.chrome
2024-01-06 22:08:11.531000,com.sec.android.app.launcher
2024-01-06 22:08:11.531000,com.sec.android.app.launcher
2024-01-07 07:15:16.275000,com.samsung.android.messaging
2024-01-07 07:19:22.493000,com.sec.android.app.launcher
2024-01-07 07:30:58.414000,com.android.chrome
2024-01-07 07:52:41.329000,com.sec.android.app.launcher
2024-01-07 07:52:41.329000,com.sec.android.app.launcher
2024-01-07 07:52:33.646000,com.sec.android.app.launcher
2024-01-07 07:52:33.646000,com.sec.android.app.launcher
2024-01-07 07:52:33.646000,com.sec.android.app.launcher
2024-01-07 07:52:33.646000,com.sec.android.app.launcher
2024-01-07 07:52:33.646000,com.sec.android.app.launcher
2024-01-07 07:52:33.646000,com.sec.android.app.launcher
